DISTRICT,SUBDISTRICT,LOCALITY
PERTH DISTRICT,PERTH SUBDISTRICT,BURSWOOD
PERTH DISTRICT,PERTH SUBDISTRICT,EAST PERTH
PERTH DISTRICT,PERTH SUBDISTRICT,HIGHGATE
PERTH DISTRICT,PERTH SUBDISTRICT,KINGS PARK
PERTH DISTRICT,PERTH SUBDISTRICT,NORTHBRIDGE
PERTH DISTRICT,PERTH SUBDISTRICT,PERTH
PERTH DISTRICT,PERTH SUBDISTRICT,WEST PERTH
PERTH DISTRICT,WEMBLEY SUBDISTRICT,CLAREMONT
PERTH DISTRICT,WEMBLEY SUBDISTRICT,CRAWLEY
PERTH DISTRICT,WEMBLEY SUBDISTRICT,DAGLISH
PERTH DISTRICT,WEMBLEY SUBDISTRICT,DALKEITH
PERTH DISTRICT,WEMBLEY SUBDISTRICT,FLOREAT
PERTH DISTRICT,WEMBLEY SUBDISTRICT,JOLIMONT
PERTH DISTRICT,WEMBLEY SUBDISTRICT,KARRAKATTA
PERTH DISTRICT,WEMBLEY SUBDISTRICT,LEEDERVILLE
PERTH DISTRICT,WEMBLEY SUBDISTRICT,MOUNT CLAREMONT
PERTH DISTRICT,WEMBLEY SUBDISTRICT,MOUNT HAWTHORN
PERTH DISTRICT,WEMBLEY SUBDISTRICT,NEDLANDS
PERTH DISTRICT,WEMBLEY SUBDISTRICT,NORTH PERTH
PERTH DISTRICT,WEMBLEY SUBDISTRICT,SHENTON PARK
PERTH DISTRICT,WEMBLEY SUBDISTRICT,SUBIACO
PERTH DISTRICT,WEMBLEY SUBDISTRICT,SWANBOURNE
PERTH DISTRICT,WEMBLEY SUBDISTRICT,WEMBLEY
PERTH DISTRICT,WEMBLEY SUBDISTRICT,WEST LEEDERVILLE
MIDLAND DISTRICT,BALLAJURA SUBDISTRICT,BALLAJURA
MIDLAND DISTRICT,BALLAJURA SUBDISTRICT,BENNETT SPRINGS
MIDLAND DISTRICT,BALLAJURA SUBDISTRICT,CULLACABARDEE
MIDLAND DISTRICT,BALLAJURA SUBDISTRICT,MALAGA
MIDLAND DISTRICT,BALLAJURA SUBDISTRICT,WHITEMAN
MIDLAND DISTRICT,ELLENBROOK SUBDISTRICT,AVON VALLEY NATIONAL PARK
MIDLAND DISTRICT,ELLENBROOK SUBDISTRICT,BASKERVILLE
MIDLAND DISTRICT,ELLENBROOK SUBDISTRICT,BELHUS
MIDLAND DISTRICT,ELLENBROOK SUBDISTRICT,BRABHAM
MIDLAND DISTRICT,ELLENBROOK SUBDISTRICT,BRIGADOON
MIDLAND DISTRICT,ELLENBROOK SUBDISTRICT,BULLSBROOK
MIDLAND DISTRICT,ELLENBROOK SUBDISTRICT,DAYTON
MIDLAND DISTRICT,ELLENBROOK SUBDISTRICT,ELLENBROOK
MIDLAND DISTRICT,ELLENBROOK SUBDISTRICT,HENLEY BROOK
MIDLAND DISTRICT,ELLENBROOK SUBDISTRICT,LEXIA
MIDLAND DISTRICT,ELLENBROOK SUBDISTRICT,MELALEUCA
MIDLAND DISTRICT,ELLENBROOK SUBDISTRICT,MILLENDON
MIDLAND DISTRICT,ELLENBROOK SUBDISTRICT,THE VINES
MIDLAND DISTRICT,ELLENBROOK SUBDISTRICT,UPPER SWAN
MIDLAND DISTRICT,ELLENBROOK SUBDISTRICT,WALYUNGA NATIONAL PARK
MIDLAND DISTRICT,FORRESTFIELD SUBDISTRICT,CANNING MILLS
MIDLAND DISTRICT,FORRESTFIELD SUBDISTRICT,CARMEL
MIDLAND DISTRICT,FORRESTFIELD SUBDISTRICT,FORRESTFIELD
MIDLAND DISTRICT,FORRESTFIELD SUBDISTRICT,GOOSEBERRY HILL
MIDLAND DISTRICT,FORRESTFIELD SUBDISTRICT,HACKETTS GULLY
MIDLAND DISTRICT,FORRESTFIELD SUBDISTRICT,HIGH WYCOMBE
MIDLAND DISTRICT,FORRESTFIELD SUBDISTRICT,KALAMUNDA
MIDLAND DISTRICT,FORRESTFIELD SUBDISTRICT,LESMURDIE
MIDLAND DISTRICT,FORRESTFIELD SUBDISTRICT,MAIDA VALE
MIDLAND DISTRICT,FORRESTFIELD SUBDISTRICT,PAULLS VALLEY
MIDLAND DISTRICT,FORRESTFIELD SUBDISTRICT,PICKERING BROOK
MIDLAND DISTRICT,FORRESTFIELD SUBDISTRICT,PIESSE BROOK
MIDLAND DISTRICT,FORRESTFIELD SUBDISTRICT,RESERVOIR
MIDLAND DISTRICT,FORRESTFIELD SUBDISTRICT,WALLISTON
MIDLAND DISTRICT,FORRESTFIELD SUBDISTRICT,WATTLE GROVE
MIDLAND DISTRICT,KIARA SUBDISTRICT,BASSENDEAN
MIDLAND DISTRICT,KIARA SUBDISTRICT,BEECHBORO
MIDLAND DISTRICT,KIARA SUBDISTRICT,CAVERSHAM
MIDLAND DISTRICT,KIARA SUBDISTRICT,EDEN HILL
MIDLAND DISTRICT,KIARA SUBDISTRICT,KIARA
MIDLAND DISTRICT,KIARA SUBDISTRICT,LOCKRIDGE
MIDLAND DISTRICT,MIDLAND SUBDISTRICT,BOYA
MIDLAND DISTRICT,MIDLAND SUBDISTRICT,BUSHMEAD
MIDLAND DISTRICT,MIDLAND SUBDISTRICT,DARLINGTON
MIDLAND DISTRICT,MIDLAND SUBDISTRICT,GREENMOUNT
MIDLAND DISTRICT,MIDLAND SUBDISTRICT,GUILDFORD
MIDLAND DISTRICT,MIDLAND SUBDISTRICT,HAZELMERE
MIDLAND DISTRICT,MIDLAND SUBDISTRICT,HELENA VALLEY
MIDLAND DISTRICT,MIDLAND SUBDISTRICT,HERNE HILL
MIDLAND DISTRICT,MIDLAND SUBDISTRICT,JANE BROOK
MIDLAND DISTRICT,MIDLAND SUBDISTRICT,KOONGAMIA
MIDLAND DISTRICT,MIDLAND SUBDISTRICT,MIDDLE SWAN
MIDLAND DISTRICT,MIDLAND SUBDISTRICT,MIDLAND
MIDLAND DISTRICT,MIDLAND SUBDISTRICT,MIDVALE
MIDLAND DISTRICT,MIDLAND SUBDISTRICT,RED HILL
MIDLAND DISTRICT,MIDLAND SUBDISTRICT,SOUTH GUILDFORD
MIDLAND DISTRICT,MIDLAND SUBDISTRICT,STRATTON
MIDLAND DISTRICT,MIDLAND SUBDISTRICT,SWAN VIEW
MIDLAND DISTRICT,MIDLAND SUBDISTRICT,VIVEASH
MIDLAND DISTRICT,MIDLAND SUBDISTRICT,WEST SWAN
MIDLAND DISTRICT,MIDLAND SUBDISTRICT,WOODBRIDGE
MIDLAND DISTRICT,MUNDARING SUBDISTRICT,BEECHINA
MIDLAND DISTRICT,MUNDARING SUBDISTRICT,CHIDLOW
MIDLAND DISTRICT,MUNDARING SUBDISTRICT,GIDGEGANNUP
MIDLAND DISTRICT,MUNDARING SUBDISTRICT,GLEN FORREST
MIDLAND DISTRICT,MUNDARING SUBDISTRICT,GORRIE
MIDLAND DISTRICT,MUNDARING SUBDISTRICT,HOVEA
MIDLAND DISTRICT,MUNDARING SUBDISTRICT,MAHOGANY CREEK
MIDLAND DISTRICT,MUNDARING SUBDISTRICT,MALMALLING
MIDLAND DISTRICT,MUNDARING SUBDISTRICT,MOUNT HELENA
MIDLAND DISTRICT,MUNDARING SUBDISTRICT,MUNDARING
MIDLAND DISTRICT,MUNDARING SUBDISTRICT,PARKERVILLE
MIDLAND DISTRICT,MUNDARING SUBDISTRICT,SAWYERS VALLEY
MIDLAND DISTRICT,MUNDARING SUBDISTRICT,STONEVILLE
MIDLAND DISTRICT,MUNDARING SUBDISTRICT,THE LAKES
MIDLAND DISTRICT,MUNDARING SUBDISTRICT,WOOROLOO
JOONDALUP DISTRICT,JOONDALUP SUBDISTRICT,CONNOLLY
JOONDALUP DISTRICT,JOONDALUP SUBDISTRICT,CURRAMBINE
JOONDALUP DISTRICT,JOONDALUP SUBDISTRICT,EDGEWATER
JOONDALUP DISTRICT,JOONDALUP SUBDISTRICT,HEATHRIDGE
JOONDALUP DISTRICT,JOONDALUP SUBDISTRICT,ILUKA
JOONDALUP DISTRICT,JOONDALUP SUBDISTRICT,JOONDALUP
JOONDALUP DISTRICT,JOONDALUP SUBDISTRICT,KINROSS
JOONDALUP DISTRICT,JOONDALUP SUBDISTRICT,WOODVALE
JOONDALUP DISTRICT,WANNEROO SUBDISTRICT,ASHBY
JOONDALUP DISTRICT,WANNEROO SUBDISTRICT,BANKSIA GROVE
JOONDALUP DISTRICT,WANNEROO SUBDISTRICT,CARRAMAR
JOONDALUP DISTRICT,WANNEROO SUBDISTRICT,DARCH
JOONDALUP DISTRICT,WANNEROO SUBDISTRICT,GNANGARA
JOONDALUP DISTRICT,WANNEROO SUBDISTRICT,HOCKING
JOONDALUP DISTRICT,WANNEROO SUBDISTRICT,JANDABUP
JOONDALUP DISTRICT,WANNEROO SUBDISTRICT,LANDSDALE
JOONDALUP DISTRICT,WANNEROO SUBDISTRICT,MARIGINIUP
JOONDALUP DISTRICT,WANNEROO SUBDISTRICT,NEERABUP
JOONDALUP DISTRICT,WANNEROO SUBDISTRICT,PEARSALL
JOONDALUP DISTRICT,WANNEROO SUBDISTRICT,PINJAR
JOONDALUP DISTRICT,WANNEROO SUBDISTRICT,SINAGRA
JOONDALUP DISTRICT,WANNEROO SUBDISTRICT,TAPPING
JOONDALUP DISTRICT,WANNEROO SUBDISTRICT,WANGARA
JOONDALUP DISTRICT,WANNEROO SUBDISTRICT,WANNEROO
JOONDALUP DISTRICT,WARWICK SUBDISTRICT,ALEXANDER HEIGHTS
JOONDALUP DISTRICT,WARWICK SUBDISTRICT,GIRRAWHEEN
JOONDALUP DISTRICT,WARWICK SUBDISTRICT,GREENWOOD
JOONDALUP DISTRICT,WARWICK SUBDISTRICT,KINGSLEY
JOONDALUP DISTRICT,WARWICK SUBDISTRICT,KOONDOOLA
JOONDALUP DISTRICT,WARWICK SUBDISTRICT,MADELEY
JOONDALUP DISTRICT,WARWICK SUBDISTRICT,MARANGAROO
JOONDALUP DISTRICT,WARWICK SUBDISTRICT,WARWICK
JOONDALUP DISTRICT,YANCHEP SUBDISTRICT,CARABOODA
JOONDALUP DISTRICT,YANCHEP SUBDISTRICT,EGLINTON
JOONDALUP DISTRICT,YANCHEP SUBDISTRICT,NOWERGUP
JOONDALUP DISTRICT,YANCHEP SUBDISTRICT,TWO ROCKS
JOONDALUP DISTRICT,YANCHEP SUBDISTRICT,YANCHEP
JOONDALUP DISTRICT,CLARKSON SUBDISTRICT,BUTLER
JOONDALUP DISTRICT,CLARKSON SUBDISTRICT,CLARKSON
JOONDALUP DISTRICT,CLARKSON SUBDISTRICT,JINDALEE
JOONDALUP DISTRICT,CLARKSON SUBDISTRICT,MERRIWA
JOONDALUP DISTRICT,CLARKSON SUBDISTRICT,MINDARIE
JOONDALUP DISTRICT,CLARKSON SUBDISTRICT,QUINNS ROCKS
JOONDALUP DISTRICT,CLARKSON SUBDISTRICT,RIDGEWOOD
JOONDALUP DISTRICT,CLARKSON SUBDISTRICT,TAMALA PARK
JOONDALUP DISTRICT,HILLARYS SUBDISTRICT,CRAIGIE
JOONDALUP DISTRICT,HILLARYS SUBDISTRICT,DUNCRAIG
JOONDALUP DISTRICT,HILLARYS SUBDISTRICT,HILLARYS
JOONDALUP DISTRICT,HILLARYS SUBDISTRICT,KALLAROO
JOONDALUP DISTRICT,HILLARYS SUBDISTRICT,MARMION
JOONDALUP DISTRICT,HILLARYS SUBDISTRICT,MULLALOO
JOONDALUP DISTRICT,HILLARYS SUBDISTRICT,OCEAN REEF
JOONDALUP DISTRICT,HILLARYS SUBDISTRICT,PADBURY
JOONDALUP DISTRICT,HILLARYS SUBDISTRICT,SORRENTO
MIRRABOOKA DISTRICT,BAYSWATER SUBDISTRICT,BAYSWATER
MIRRABOOKA DISTRICT,BAYSWATER SUBDISTRICT,BEDFORD
MIRRABOOKA DISTRICT,BAYSWATER SUBDISTRICT,EMBLETON
MIRRABOOKA DISTRICT,BAYSWATER SUBDISTRICT,INGLEWOOD
MIRRABOOKA DISTRICT,BAYSWATER SUBDISTRICT,MAYLANDS
MIRRABOOKA DISTRICT,BAYSWATER SUBDISTRICT,MOUNT LAWLEY
MIRRABOOKA DISTRICT,MIRRABOOKA SUBDISTRICT,BALGA
MIRRABOOKA DISTRICT,MIRRABOOKA SUBDISTRICT,HAMERSLEY
MIRRABOOKA DISTRICT,MIRRABOOKA SUBDISTRICT,MIRRABOOKA
MIRRABOOKA DISTRICT,MIRRABOOKA SUBDISTRICT,NOLLAMARA
MIRRABOOKA DISTRICT,MIRRABOOKA SUBDISTRICT,WESTMINSTER
MIRRABOOKA DISTRICT,MORLEY SUBDISTRICT,DIANELLA
MIRRABOOKA DISTRICT,MORLEY SUBDISTRICT,JOONDANNA
MIRRABOOKA DISTRICT,MORLEY SUBDISTRICT,MENORA
MIRRABOOKA DISTRICT,MORLEY SUBDISTRICT,MORLEY
MIRRABOOKA DISTRICT,MORLEY SUBDISTRICT,NORANDA
MIRRABOOKA DISTRICT,MORLEY SUBDISTRICT,TUART HILL
MIRRABOOKA DISTRICT,MORLEY SUBDISTRICT,YOKINE
MIRRABOOKA DISTRICT,SCARBOROUGH SUBDISTRICT,CHURCHLANDS
MIRRABOOKA DISTRICT,SCARBOROUGH SUBDISTRICT,DOUBLEVIEW
MIRRABOOKA DISTRICT,SCARBOROUGH SUBDISTRICT,GLENDALOUGH
MIRRABOOKA DISTRICT,SCARBOROUGH SUBDISTRICT,GWELUP
MIRRABOOKA DISTRICT,SCARBOROUGH SUBDISTRICT,HERDSMAN
MIRRABOOKA DISTRICT,SCARBOROUGH SUBDISTRICT,INNALOO
MIRRABOOKA DISTRICT,SCARBOROUGH SUBDISTRICT,KARRINYUP
MIRRABOOKA DISTRICT,SCARBOROUGH SUBDISTRICT,NORTH BEACH
MIRRABOOKA DISTRICT,SCARBOROUGH SUBDISTRICT,OSBORNE PARK
MIRRABOOKA DISTRICT,SCARBOROUGH SUBDISTRICT,SCARBOROUGH
MIRRABOOKA DISTRICT,SCARBOROUGH SUBDISTRICT,STIRLING
MIRRABOOKA DISTRICT,SCARBOROUGH SUBDISTRICT,TRIGG
MIRRABOOKA DISTRICT,SCARBOROUGH SUBDISTRICT,WATERMANS BAY
MIRRABOOKA DISTRICT,SCARBOROUGH SUBDISTRICT,WEMBLEY DOWNS
MIRRABOOKA DISTRICT,SCARBOROUGH SUBDISTRICT,WOODLANDS
MURDOCH DISTRICT,MURDOCH SUBDISTRICT,BIBRA LAKE
MURDOCH DISTRICT,MURDOCH SUBDISTRICT,BULL CREEK
MURDOCH DISTRICT,MURDOCH SUBDISTRICT,COOLBELLUP
MURDOCH DISTRICT,MURDOCH SUBDISTRICT,HAMILTON HILL
MURDOCH DISTRICT,MURDOCH SUBDISTRICT,KARDINYA
MURDOCH DISTRICT,MURDOCH SUBDISTRICT,LEEMING
MURDOCH DISTRICT,MURDOCH SUBDISTRICT,MURDOCH
MURDOCH DISTRICT,MURDOCH SUBDISTRICT,NORTH LAKE
MURDOCH DISTRICT,MURDOCH SUBDISTRICT,SOUTH LAKE
MURDOCH DISTRICT,MURDOCH SUBDISTRICT,WINTHROP
FREMANTLE DISTRICT,PALMYRA SUBDISTRICT,APPLECROSS
FREMANTLE DISTRICT,PALMYRA SUBDISTRICT,ARDROSS
FREMANTLE DISTRICT,PALMYRA SUBDISTRICT,ATTADALE
FREMANTLE DISTRICT,PALMYRA SUBDISTRICT,BICTON
FREMANTLE DISTRICT,PALMYRA SUBDISTRICT,BOORAGOON
FREMANTLE DISTRICT,PALMYRA SUBDISTRICT,BRENTWOOD
FREMANTLE DISTRICT,PALMYRA SUBDISTRICT,HILTON
FREMANTLE DISTRICT,PALMYRA SUBDISTRICT,MELVILLE
FREMANTLE DISTRICT,PALMYRA SUBDISTRICT,MOUNT PLEASANT
FREMANTLE DISTRICT,PALMYRA SUBDISTRICT,MYAREE
FREMANTLE DISTRICT,PALMYRA SUBDISTRICT,OCONNOR
FREMANTLE DISTRICT,PALMYRA SUBDISTRICT,PALMYRA
FREMANTLE DISTRICT,PALMYRA SUBDISTRICT,SAMSON
FREMANTLE DISTRICT,PALMYRA SUBDISTRICT,WILLAGEE
FREMANTLE DISTRICT,COCKBURN SUBDISTRICT,ATWELL
FREMANTLE DISTRICT,COCKBURN SUBDISTRICT,AUBIN GROVE
FREMANTLE DISTRICT,COCKBURN SUBDISTRICT,BANJUP
FREMANTLE DISTRICT,COCKBURN SUBDISTRICT,BEELIAR
FREMANTLE DISTRICT,COCKBURN SUBDISTRICT,COCKBURN CENTRAL
FREMANTLE DISTRICT,COCKBURN SUBDISTRICT,COOGEE
FREMANTLE DISTRICT,COCKBURN SUBDISTRICT,HAMMOND PARK
FREMANTLE DISTRICT,COCKBURN SUBDISTRICT,HENDERSON
FREMANTLE DISTRICT,COCKBURN SUBDISTRICT,JANDAKOT
FREMANTLE DISTRICT,COCKBURN SUBDISTRICT,MUNSTER
FREMANTLE DISTRICT,COCKBURN SUBDISTRICT,SPEARWOOD
FREMANTLE DISTRICT,COCKBURN SUBDISTRICT,SUCCESS
FREMANTLE DISTRICT,COCKBURN SUBDISTRICT,TREEBY
FREMANTLE DISTRICT,COCKBURN SUBDISTRICT,WATTLEUP
FREMANTLE DISTRICT,COCKBURN SUBDISTRICT,YANGEBUP
FREMANTLE DISTRICT,FREMANTLE SUBDISTRICT,COTTESLOE
FREMANTLE DISTRICT,FREMANTLE SUBDISTRICT,EAST FREMANTLE
FREMANTLE DISTRICT,FREMANTLE SUBDISTRICT,FREMANTLE
FREMANTLE DISTRICT,FREMANTLE SUBDISTRICT,MOSMAN PARK
FREMANTLE DISTRICT,FREMANTLE SUBDISTRICT,NORTH COOGEE
FREMANTLE DISTRICT,FREMANTLE SUBDISTRICT,NORTH FREMANTLE
FREMANTLE DISTRICT,FREMANTLE SUBDISTRICT,PEPPERMINT GROVE
FREMANTLE DISTRICT,FREMANTLE SUBDISTRICT,SOUTH FREMANTLE
FREMANTLE DISTRICT,FREMANTLE SUBDISTRICT,WHITE GUM VALLEY
MANDURAH DISTRICT,DWELLINGUP SUBDISTRICT,BANKSIADALE
MANDURAH DISTRICT,DWELLINGUP SUBDISTRICT,DWELLINGUP
MANDURAH DISTRICT,DWELLINGUP SUBDISTRICT,ETMILYN
MANDURAH DISTRICT,DWELLINGUP SUBDISTRICT,HOLYOAKE
MANDURAH DISTRICT,DWELLINGUP SUBDISTRICT,INGLEHOPE
MANDURAH DISTRICT,DWELLINGUP SUBDISTRICT,MARRINUP
MANDURAH DISTRICT,DWELLINGUP SUBDISTRICT,MYARA
MANDURAH DISTRICT,DWELLINGUP SUBDISTRICT,SOLUS
MANDURAH DISTRICT,DWELLINGUP SUBDISTRICT,TEESDALE
MANDURAH DISTRICT,DWELLINGUP SUBDISTRICT,WHITTAKER
MANDURAH DISTRICT,KWINANA SUBDISTRICT,BERTRAM
MANDURAH DISTRICT,KWINANA SUBDISTRICT,CALISTA
MANDURAH DISTRICT,KWINANA SUBDISTRICT,CASUARINA
MANDURAH DISTRICT,KWINANA SUBDISTRICT,HOPE VALLEY
MANDURAH DISTRICT,KWINANA SUBDISTRICT,KWINANA
MANDURAH DISTRICT,KWINANA SUBDISTRICT,KWINANA BEACH
MANDURAH DISTRICT,KWINANA SUBDISTRICT,KWINANA TOWN CENTRE
MANDURAH DISTRICT,KWINANA SUBDISTRICT,LEDA
MANDURAH DISTRICT,KWINANA SUBDISTRICT,MANDOGALUP
MANDURAH DISTRICT,KWINANA SUBDISTRICT,MEDINA
MANDURAH DISTRICT,KWINANA SUBDISTRICT,NAVAL BASE
MANDURAH DISTRICT,KWINANA SUBDISTRICT,ORELIA
MANDURAH DISTRICT,KWINANA SUBDISTRICT,PARMELIA
MANDURAH DISTRICT,KWINANA SUBDISTRICT,POSTANS
MANDURAH DISTRICT,KWINANA SUBDISTRICT,THE SPECTACLES
MANDURAH DISTRICT,KWINANA SUBDISTRICT,WANDI
MANDURAH DISTRICT,KWINANA SUBDISTRICT,WELLARD
MANDURAH DISTRICT,MANDURAH SUBDISTRICT,BOUVARD
MANDURAH DISTRICT,MANDURAH SUBDISTRICT,CLIFTON
MANDURAH DISTRICT,MANDURAH SUBDISTRICT,COODANUP
MANDURAH DISTRICT,MANDURAH SUBDISTRICT,DAWESVILLE
MANDURAH DISTRICT,MANDURAH SUBDISTRICT,DUDLEY PARK
MANDURAH DISTRICT,MANDURAH SUBDISTRICT,ERSKINE
MANDURAH DISTRICT,MANDURAH SUBDISTRICT,FALCON
MANDURAH DISTRICT,MANDURAH SUBDISTRICT,FURNISSDALE
MANDURAH DISTRICT,MANDURAH SUBDISTRICT,GOLDEN BAY
MANDURAH DISTRICT,MANDURAH SUBDISTRICT,GREENFIELDS
MANDURAH DISTRICT,MANDURAH SUBDISTRICT,HALLS HEAD
MANDURAH DISTRICT,MANDURAH SUBDISTRICT,HERRON
MANDURAH DISTRICT,MANDURAH SUBDISTRICT,KARNUP
MANDURAH DISTRICT,MANDURAH SUBDISTRICT,KERALUP
MANDURAH DISTRICT,MANDURAH SUBDISTRICT,LAKELANDS
MANDURAH DISTRICT,MANDURAH SUBDISTRICT,MADORA BAY
MANDURAH DISTRICT,MANDURAH SUBDISTRICT,MANDURAH
MANDURAH DISTRICT,MANDURAH SUBDISTRICT,MEADOW SPRINGS
MANDURAH DISTRICT,MANDURAH SUBDISTRICT,NORTH YUNDERUP
MANDURAH DISTRICT,MANDURAH SUBDISTRICT,PARKLANDS
MANDURAH DISTRICT,MANDURAH SUBDISTRICT,SAN REMO
MANDURAH DISTRICT,MANDURAH SUBDISTRICT,SECRET HARBOUR
MANDURAH DISTRICT,MANDURAH SUBDISTRICT,SILVER SANDS
MANDURAH DISTRICT,MANDURAH SUBDISTRICT,SINGLETON
MANDURAH DISTRICT,MANDURAH SUBDISTRICT,STAKE HILL
MANDURAH DISTRICT,MANDURAH SUBDISTRICT,WANNANUP
MANDURAH DISTRICT,PINJARRA SUBDISTRICT,BLYTHEWOOD
MANDURAH DISTRICT,PINJARRA SUBDISTRICT,COOLUP
MANDURAH DISTRICT,PINJARRA SUBDISTRICT,FAIRBRIDGE
MANDURAH DISTRICT,PINJARRA SUBDISTRICT,MEELON
MANDURAH DISTRICT,PINJARRA SUBDISTRICT,NAMBEELUP
MANDURAH DISTRICT,PINJARRA SUBDISTRICT,NIRIMBA
MANDURAH DISTRICT,PINJARRA SUBDISTRICT,NORTH DANDALUP
MANDURAH DISTRICT,PINJARRA SUBDISTRICT,OAKLEY
MANDURAH DISTRICT,PINJARRA SUBDISTRICT,PINJARRA
MANDURAH DISTRICT,PINJARRA SUBDISTRICT,POINT GREY
MANDURAH DISTRICT,PINJARRA SUBDISTRICT,RAVENSWOOD
MANDURAH DISTRICT,PINJARRA SUBDISTRICT,SOUTH YUNDERUP
MANDURAH DISTRICT,PINJARRA SUBDISTRICT,WEST COOLUP
MANDURAH DISTRICT,PINJARRA SUBDISTRICT,WEST PINJARRA
MANDURAH DISTRICT,ROCKINGHAM SUBDISTRICT,COOLOONGUP
MANDURAH DISTRICT,ROCKINGHAM SUBDISTRICT,EAST ROCKINGHAM
MANDURAH DISTRICT,ROCKINGHAM SUBDISTRICT,GARDEN ISLAND
MANDURAH DISTRICT,ROCKINGHAM SUBDISTRICT,HILLMAN
MANDURAH DISTRICT,ROCKINGHAM SUBDISTRICT,PERON
MANDURAH DISTRICT,ROCKINGHAM SUBDISTRICT,PORT KENNEDY
MANDURAH DISTRICT,ROCKINGHAM SUBDISTRICT,ROCKINGHAM
MANDURAH DISTRICT,ROCKINGHAM SUBDISTRICT,SAFETY BAY
MANDURAH DISTRICT,ROCKINGHAM SUBDISTRICT,SHOALWATER
MANDURAH DISTRICT,ROCKINGHAM SUBDISTRICT,WAIKIKI
MANDURAH DISTRICT,ROCKINGHAM SUBDISTRICT,WARNBRO
ARMADALE DISTRICT,MUNDIJONG SUBDISTRICT,CARDUP
ARMADALE DISTRICT,MUNDIJONG SUBDISTRICT,DARLING DOWNS
ARMADALE DISTRICT,MUNDIJONG SUBDISTRICT,HOPELAND
ARMADALE DISTRICT,MUNDIJONG SUBDISTRICT,JARRAHDALE
ARMADALE DISTRICT,MUNDIJONG SUBDISTRICT,KARRAKUP
ARMADALE DISTRICT,MUNDIJONG SUBDISTRICT,KEYSBROOK
ARMADALE DISTRICT,MUNDIJONG SUBDISTRICT,MARDELLA
ARMADALE DISTRICT,MUNDIJONG SUBDISTRICT,MUNDIJONG
ARMADALE DISTRICT,MUNDIJONG SUBDISTRICT,OAKFORD
ARMADALE DISTRICT,MUNDIJONG SUBDISTRICT,OLDBURY
ARMADALE DISTRICT,MUNDIJONG SUBDISTRICT,SERPENTINE
ARMADALE DISTRICT,MUNDIJONG SUBDISTRICT,WHITBY
ARMADALE DISTRICT,ARMADALE SUBDISTRICT,ARMADALE
ARMADALE DISTRICT,ARMADALE SUBDISTRICT,ASHENDON
ARMADALE DISTRICT,ARMADALE SUBDISTRICT,BEDFORDALE
ARMADALE DISTRICT,ARMADALE SUBDISTRICT,BROOKDALE
ARMADALE DISTRICT,ARMADALE SUBDISTRICT,CAMILLO
ARMADALE DISTRICT,ARMADALE SUBDISTRICT,HAYNES
ARMADALE DISTRICT,ARMADALE SUBDISTRICT,HILBERT
ARMADALE DISTRICT,ARMADALE SUBDISTRICT,KARRAGULLEN
ARMADALE DISTRICT,ARMADALE SUBDISTRICT,KELMSCOTT
ARMADALE DISTRICT,ARMADALE SUBDISTRICT,LESLEY
ARMADALE DISTRICT,ARMADALE SUBDISTRICT,MOUNT NASURA
ARMADALE DISTRICT,ARMADALE SUBDISTRICT,MOUNT RICHON
ARMADALE DISTRICT,ARMADALE SUBDISTRICT,ROLEYSTONE
ARMADALE DISTRICT,ARMADALE SUBDISTRICT,SEVILLE GROVE
ARMADALE DISTRICT,ARMADALE SUBDISTRICT,WUNGONG
ARMADALE DISTRICT,CANNINGVALE SUBDISTRICT,FORRESTDALE
ARMADALE DISTRICT,CANNINGVALE SUBDISTRICT,HARRISDALE
ARMADALE DISTRICT,CANNINGVALE SUBDISTRICT,HUNTINGDALE
ARMADALE DISTRICT,CANNINGVALE SUBDISTRICT,PIARA WATERS
ARMADALE DISTRICT,CANNINGVALE SUBDISTRICT,SOUTHERN RIVER
ARMADALE DISTRICT,CANNINGVALE SUBDISTRICT,THORNLIE
GOSNELLS DISTRICT,GOSNELLS SUBDISTRICT,CHAMPION LAKES
GOSNELLS DISTRICT,GOSNELLS SUBDISTRICT,GOSNELLS
GOSNELLS DISTRICT,GOSNELLS SUBDISTRICT,KENWICK
GOSNELLS DISTRICT,GOSNELLS SUBDISTRICT,MADDINGTON
GOSNELLS DISTRICT,GOSNELLS SUBDISTRICT,MARTIN
GOSNELLS DISTRICT,GOSNELLS SUBDISTRICT,ORANGE GROVE
CANNINGTON DISTRICT,BELMONT SUBDISTRICT,ASCOT
CANNINGTON DISTRICT,BELMONT SUBDISTRICT,BELMONT
CANNINGTON DISTRICT,BELMONT SUBDISTRICT,CLOVERDALE
CANNINGTON DISTRICT,BELMONT SUBDISTRICT,KEWDALE
CANNINGTON DISTRICT,BELMONT SUBDISTRICT,PERTH AIRPORT
CANNINGTON DISTRICT,BELMONT SUBDISTRICT,REDCLIFFE
CANNINGTON DISTRICT,BELMONT SUBDISTRICT,RIVERVALE
CANNINGTON DISTRICT,BELMONT SUBDISTRICT,WELSHPOOL
CANNINGTON DISTRICT,CANNINGTON SUBDISTRICT,BENTLEY
CANNINGTON DISTRICT,CANNINGTON SUBDISTRICT,CANNINGTON
CANNINGTON DISTRICT,CANNINGTON SUBDISTRICT,EAST CANNINGTON
CANNINGTON DISTRICT,CANNINGTON SUBDISTRICT,FERNDALE
CANNINGTON DISTRICT,CANNINGTON SUBDISTRICT,LANGFORD
CANNINGTON DISTRICT,CANNINGTON SUBDISTRICT,LYNWOOD
CANNINGTON DISTRICT,CANNINGTON SUBDISTRICT,PARKWOOD
CANNINGTON DISTRICT,CANNINGTON SUBDISTRICT,QUEENS PARK
CANNINGTON DISTRICT,CANNINGTON SUBDISTRICT,RIVERTON
CANNINGTON DISTRICT,CANNINGTON SUBDISTRICT,ROSSMOYNE
CANNINGTON DISTRICT,CANNINGTON SUBDISTRICT,SHELLEY
CANNINGTON DISTRICT,CANNINGTON SUBDISTRICT,ST JAMES
CANNINGTON DISTRICT,CANNINGTON SUBDISTRICT,WILLETTON
CANNINGTON DISTRICT,CANNINGTON SUBDISTRICT,WILSON
CANNINGTON DISTRICT,KENSINGTON SUBDISTRICT,COMO
CANNINGTON DISTRICT,KENSINGTON SUBDISTRICT,EAST VICTORIA PARK
CANNINGTON DISTRICT,KENSINGTON SUBDISTRICT,KARAWARA
CANNINGTON DISTRICT,KENSINGTON SUBDISTRICT,KENSINGTON
CANNINGTON DISTRICT,KENSINGTON SUBDISTRICT,LATHLAIN
CANNINGTON DISTRICT,KENSINGTON SUBDISTRICT,MANNING
CANNINGTON DISTRICT,KENSINGTON SUBDISTRICT,SALTER POINT
CANNINGTON DISTRICT,KENSINGTON SUBDISTRICT,SOUTH PERTH
CANNINGTON DISTRICT,KENSINGTON SUBDISTRICT,VICTORIA PARK
CANNINGTON DISTRICT,KENSINGTON SUBDISTRICT,WATERFORD
GOLDFIELDS-ESPERANCE DISTRICT,LAVERTON SUBDISTRICT,COSMO NEWBERY
GOLDFIELDS-ESPERANCE DISTRICT,LAVERTON SUBDISTRICT,LAKE WELLS
GOLDFIELDS-ESPERANCE DISTRICT,LAVERTON SUBDISTRICT,LAVERTON
GOLDFIELDS-ESPERANCE DISTRICT,LAVERTON SUBDISTRICT,NEALE
GOLDFIELDS-ESPERANCE DISTRICT,LEINSTER SUBDISTRICT,LEINSTER
GOLDFIELDS-ESPERANCE DISTRICT,LEINSTER SUBDISTRICT,SIR SAMUEL
GOLDFIELDS-ESPERANCE DISTRICT,LEONORA SUBDISTRICT,LEONORA
GOLDFIELDS-ESPERANCE DISTRICT,LEONORA SUBDISTRICT,MENZIES
GOLDFIELDS-ESPERANCE DISTRICT,LEONORA SUBDISTRICT,PLUMRIDGE LAKES
GOLDFIELDS-ESPERANCE DISTRICT,LEONORA SUBDISTRICT,ULARRING
GOLDFIELDS-ESPERANCE DISTRICT,NORSEMAN SUBDISTRICT,CAIGUNA
GOLDFIELDS-ESPERANCE DISTRICT,NORSEMAN SUBDISTRICT,DUNDAS
GOLDFIELDS-ESPERANCE DISTRICT,NORSEMAN SUBDISTRICT,FRASER RANGE
GOLDFIELDS-ESPERANCE DISTRICT,NORSEMAN SUBDISTRICT,NORSEMAN
GOLDFIELDS-ESPERANCE DISTRICT,BLACKSTONEMFPF SUBDISTRICT,PAPULANKUTJA
GOLDFIELDS-ESPERANCE DISTRICT,WARAKURNAMFPF SUBDISTRICT,WARAKURNA
GOLDFIELDS-ESPERANCE DISTRICT,COOLGARDIE SUBDISTRICT,BULLABULLING
GOLDFIELDS-ESPERANCE DISTRICT,COOLGARDIE SUBDISTRICT,COOLGARDIE
GOLDFIELDS-ESPERANCE DISTRICT,COOLGARDIE SUBDISTRICT,KARRAMINDIE
GOLDFIELDS-ESPERANCE DISTRICT,COOLGARDIE SUBDISTRICT,MOUNT BURGES
GOLDFIELDS-ESPERANCE DISTRICT,COOLGARDIE SUBDISTRICT,VICTORIA ROCK
GOLDFIELDS-ESPERANCE DISTRICT,COOLGARDIE SUBDISTRICT,WALLAROO
GOLDFIELDS-ESPERANCE DISTRICT,WARBURTONMFPF SUBDISTRICT,WARBURTON
GOLDFIELDS-ESPERANCE DISTRICT,ESPERANCE SUBDISTRICT,BEAUMONT
GOLDFIELDS-ESPERANCE DISTRICT,ESPERANCE SUBDISTRICT,BOYATUP
GOLDFIELDS-ESPERANCE DISTRICT,ESPERANCE SUBDISTRICT,BURAMINYA
GOLDFIELDS-ESPERANCE DISTRICT,ESPERANCE SUBDISTRICT,CAPE ARID
GOLDFIELDS-ESPERANCE DISTRICT,ESPERANCE SUBDISTRICT,CAPE LE GRAND
GOLDFIELDS-ESPERANCE DISTRICT,ESPERANCE SUBDISTRICT,CASCADE
GOLDFIELDS-ESPERANCE DISTRICT,ESPERANCE SUBDISTRICT,CASTLETOWN
GOLDFIELDS-ESPERANCE DISTRICT,ESPERANCE SUBDISTRICT,CHADWICK
GOLDFIELDS-ESPERANCE DISTRICT,ESPERANCE SUBDISTRICT,CONDINGUP
GOLDFIELDS-ESPERANCE DISTRICT,ESPERANCE SUBDISTRICT,COOMALBIDGUP
GOLDFIELDS-ESPERANCE DISTRICT,ESPERANCE SUBDISTRICT,DALYUP
GOLDFIELDS-ESPERANCE DISTRICT,ESPERANCE SUBDISTRICT,EAST MUNGLINUP
GOLDFIELDS-ESPERANCE DISTRICT,ESPERANCE SUBDISTRICT,ESPERANCE
GOLDFIELDS-ESPERANCE DISTRICT,ESPERANCE SUBDISTRICT,GIBSON
GOLDFIELDS-ESPERANCE DISTRICT,ESPERANCE SUBDISTRICT,GRASS PATCH
GOLDFIELDS-ESPERANCE DISTRICT,ESPERANCE SUBDISTRICT,HOWICK
GOLDFIELDS-ESPERANCE DISTRICT,ESPERANCE SUBDISTRICT,ISRAELITE BAY
GOLDFIELDS-ESPERANCE DISTRICT,ESPERANCE SUBDISTRICT,LORT RIVER
GOLDFIELDS-ESPERANCE DISTRICT,ESPERANCE SUBDISTRICT,MERIVALE
GOLDFIELDS-ESPERANCE DISTRICT,ESPERANCE SUBDISTRICT,MONJINGUP
GOLDFIELDS-ESPERANCE DISTRICT,ESPERANCE SUBDISTRICT,MOUNT NEY
GOLDFIELDS-ESPERANCE DISTRICT,ESPERANCE SUBDISTRICT,MYRUP
GOLDFIELDS-ESPERANCE DISTRICT,ESPERANCE SUBDISTRICT,NERIDUP
GOLDFIELDS-ESPERANCE DISTRICT,ESPERANCE SUBDISTRICT,NORTH CASCADE
GOLDFIELDS-ESPERANCE DISTRICT,ESPERANCE SUBDISTRICT,NULSEN
GOLDFIELDS-ESPERANCE DISTRICT,ESPERANCE SUBDISTRICT,PINK LAKE
GOLDFIELDS-ESPERANCE DISTRICT,ESPERANCE SUBDISTRICT,SALMON GUMS
GOLDFIELDS-ESPERANCE DISTRICT,ESPERANCE SUBDISTRICT,SCADDAN
GOLDFIELDS-ESPERANCE DISTRICT,ESPERANCE SUBDISTRICT,SINCLAIR
GOLDFIELDS-ESPERANCE DISTRICT,ESPERANCE SUBDISTRICT,WEST BEACH
GOLDFIELDS-ESPERANCE DISTRICT,ESPERANCE SUBDISTRICT,WINDABOUT
GOLDFIELDS-ESPERANCE DISTRICT,ESPERANCE SUBDISTRICT,WITTENOOM HILLS
GOLDFIELDS-ESPERANCE DISTRICT,WILUNA SUBDISTRICT,LITTLE SANDY DESERT
GOLDFIELDS-ESPERANCE DISTRICT,WILUNA SUBDISTRICT,WILUNA
GOLDFIELDS-ESPERANCE DISTRICT,EUCLA SUBDISTRICT,COCKLEBIDDY
GOLDFIELDS-ESPERANCE DISTRICT,EUCLA SUBDISTRICT,EUCLA
GOLDFIELDS-ESPERANCE DISTRICT,EUCLA SUBDISTRICT,FORREST
GOLDFIELDS-ESPERANCE DISTRICT,EUCLA SUBDISTRICT,MADURA
GOLDFIELDS-ESPERANCE DISTRICT,EUCLA SUBDISTRICT,MUNDRABILLA
GOLDFIELDS-ESPERANCE DISTRICT,EUCLA SUBDISTRICT,RAWLINNA
GOLDFIELDS-ESPERANCE DISTRICT,KALGOORLIE SUBDISTRICT,BOORARA
GOLDFIELDS-ESPERANCE DISTRICT,KALGOORLIE SUBDISTRICT,BOULDER
GOLDFIELDS-ESPERANCE DISTRICT,KALGOORLIE SUBDISTRICT,BROADWOOD
GOLDFIELDS-ESPERANCE DISTRICT,KALGOORLIE SUBDISTRICT,BROWN HILL
GOLDFIELDS-ESPERANCE DISTRICT,KALGOORLIE SUBDISTRICT,BULONG
GOLDFIELDS-ESPERANCE DISTRICT,KALGOORLIE SUBDISTRICT,CUNDEELEE
GOLDFIELDS-ESPERANCE DISTRICT,KALGOORLIE SUBDISTRICT,EMU FLAT
GOLDFIELDS-ESPERANCE DISTRICT,KALGOORLIE SUBDISTRICT,FEYSVILLE
GOLDFIELDS-ESPERANCE DISTRICT,KALGOORLIE SUBDISTRICT,FIMISTON
GOLDFIELDS-ESPERANCE DISTRICT,KALGOORLIE SUBDISTRICT,HANNANS
GOLDFIELDS-ESPERANCE DISTRICT,KALGOORLIE SUBDISTRICT,KALGOORLIE
GOLDFIELDS-ESPERANCE DISTRICT,KALGOORLIE SUBDISTRICT,KANOWNA
GOLDFIELDS-ESPERANCE DISTRICT,KALGOORLIE SUBDISTRICT,KARLKURLA
GOLDFIELDS-ESPERANCE DISTRICT,KALGOORLIE SUBDISTRICT,KURNALPI
GOLDFIELDS-ESPERANCE DISTRICT,KALGOORLIE SUBDISTRICT,LAKEWOOD
GOLDFIELDS-ESPERANCE DISTRICT,KALGOORLIE SUBDISTRICT,LAMINGTON
GOLDFIELDS-ESPERANCE DISTRICT,KALGOORLIE SUBDISTRICT,MULLINGAR
GOLDFIELDS-ESPERANCE DISTRICT,KALGOORLIE SUBDISTRICT,ORA BANDA
GOLDFIELDS-ESPERANCE DISTRICT,KALGOORLIE SUBDISTRICT,PARKESTON
GOLDFIELDS-ESPERANCE DISTRICT,KALGOORLIE SUBDISTRICT,PICCADILLY
GOLDFIELDS-ESPERANCE DISTRICT,KALGOORLIE SUBDISTRICT,SOMERVILLE
GOLDFIELDS-ESPERANCE DISTRICT,KALGOORLIE SUBDISTRICT,SOUTH BOULDER
GOLDFIELDS-ESPERANCE DISTRICT,KALGOORLIE SUBDISTRICT,SOUTH KALGOORLIE
GOLDFIELDS-ESPERANCE DISTRICT,KALGOORLIE SUBDISTRICT,TRAFALGAR
GOLDFIELDS-ESPERANCE DISTRICT,KALGOORLIE SUBDISTRICT,VICTORY HEIGHTS
GOLDFIELDS-ESPERANCE DISTRICT,KALGOORLIE SUBDISTRICT,WEST KALGOORLIE
GOLDFIELDS-ESPERANCE DISTRICT,KALGOORLIE SUBDISTRICT,WEST LAMINGTON
GOLDFIELDS-ESPERANCE DISTRICT,KALGOORLIE SUBDISTRICT,WILLIAMSTOWN
GOLDFIELDS-ESPERANCE DISTRICT,KALGOORLIE SUBDISTRICT,YILKARI
GOLDFIELDS-ESPERANCE DISTRICT,KALGOORLIE SUBDISTRICT,ZANTHUS
GOLDFIELDS-ESPERANCE DISTRICT,KAMBALDA SUBDISTRICT,KAMBALDA EAST
GOLDFIELDS-ESPERANCE DISTRICT,KAMBALDA SUBDISTRICT,KAMBALDA WEST
GOLDFIELDS-ESPERANCE DISTRICT,KAMBALDA SUBDISTRICT,LONDONDERRY
GOLDFIELDS-ESPERANCE DISTRICT,KAMBALDA SUBDISTRICT,WIDGIEMOOLTHA
GREAT SOUTHERN DISTRICT,CORRIGIN SUBDISTRICT,BILBARIN
GREAT SOUTHERN DISTRICT,CORRIGIN SUBDISTRICT,BULLARING
GREAT SOUTHERN DISTRICT,CORRIGIN SUBDISTRICT,BULYEE
GREAT SOUTHERN DISTRICT,CORRIGIN SUBDISTRICT,CORRIGIN
GREAT SOUTHERN DISTRICT,CORRIGIN SUBDISTRICT,GORGE ROCK
GREAT SOUTHERN DISTRICT,CORRIGIN SUBDISTRICT,KUNJIN
GREAT SOUTHERN DISTRICT,CORRIGIN SUBDISTRICT,KURRENKUTTEN
GREAT SOUTHERN DISTRICT,LAKEGRACE SUBDISTRICT,BUNICHE
GREAT SOUTHERN DISTRICT,LAKEGRACE SUBDISTRICT,DUNN ROCK
GREAT SOUTHERN DISTRICT,LAKEGRACE SUBDISTRICT,EAST NEWDEGATE
GREAT SOUTHERN DISTRICT,LAKEGRACE SUBDISTRICT,KUENDER
GREAT SOUTHERN DISTRICT,LAKEGRACE SUBDISTRICT,LAKE BIDDY
GREAT SOUTHERN DISTRICT,LAKEGRACE SUBDISTRICT,LAKE GRACE
GREAT SOUTHERN DISTRICT,LAKEGRACE SUBDISTRICT,MAGENTA
GREAT SOUTHERN DISTRICT,LAKEGRACE SUBDISTRICT,MALLEE HILL
GREAT SOUTHERN DISTRICT,LAKEGRACE SUBDISTRICT,MOUNT SHERIDAN
GREAT SOUTHERN DISTRICT,LAKEGRACE SUBDISTRICT,NEENDALING
GREAT SOUTHERN DISTRICT,LAKEGRACE SUBDISTRICT,NEWDEGATE
GREAT SOUTHERN DISTRICT,LAKEGRACE SUBDISTRICT,NORTH BURNGUP
GREAT SOUTHERN DISTRICT,LAKEGRACE SUBDISTRICT,NORTH LAKE GRACE
GREAT SOUTHERN DISTRICT,LAKEGRACE SUBDISTRICT,SOUTH LAKE GRACE
GREAT SOUTHERN DISTRICT,LAKEGRACE SUBDISTRICT,SOUTH NEWDEGATE
GREAT SOUTHERN DISTRICT,CRANBROOK SUBDISTRICT,FRANKLAND RIVER
GREAT SOUTHERN DISTRICT,CRANBROOK SUBDISTRICT,TENTERDEN
GREAT SOUTHERN DISTRICT,MOUNTBARKER SUBDISTRICT,FOREST HILL
GREAT SOUTHERN DISTRICT,MOUNTBARKER SUBDISTRICT,KENDENUP
GREAT SOUTHERN DISTRICT,MOUNTBARKER SUBDISTRICT,MOUNT BARKER
GREAT SOUTHERN DISTRICT,MOUNTBARKER SUBDISTRICT,NARRIKUP
GREAT SOUTHERN DISTRICT,MOUNTBARKER SUBDISTRICT,PERILLUP
GREAT SOUTHERN DISTRICT,MOUNTBARKER SUBDISTRICT,PORONGURUP
GREAT SOUTHERN DISTRICT,MOUNTBARKER SUBDISTRICT,ROCKY GULLY
GREAT SOUTHERN DISTRICT,MOUNTBARKER SUBDISTRICT,TAKALARUP
GREAT SOUTHERN DISTRICT,MOUNTBARKER SUBDISTRICT,WOOGENELLUP
GREAT SOUTHERN DISTRICT,DENMARK SUBDISTRICT,HAY
GREAT SOUTHERN DISTRICT,DENMARK SUBDISTRICT,KENTDALE
GREAT SOUTHERN DISTRICT,DENMARK SUBDISTRICT,KORDABUP
GREAT SOUTHERN DISTRICT,DENMARK SUBDISTRICT,MOUNT LINDESAY
GREAT SOUTHERN DISTRICT,DENMARK SUBDISTRICT,MOUNT ROMANCE
GREAT SOUTHERN DISTRICT,DENMARK SUBDISTRICT,OCEAN BEACH
GREAT SOUTHERN DISTRICT,DENMARK SUBDISTRICT,PARRYVILLE
GREAT SOUTHERN DISTRICT,DENMARK SUBDISTRICT,SCOTSDALE
GREAT SOUTHERN DISTRICT,DENMARK SUBDISTRICT,SHADFORTH
GREAT SOUTHERN DISTRICT,DENMARK SUBDISTRICT,WILLIAM BAY
GREAT SOUTHERN DISTRICT,NARROGIN SUBDISTRICT,COMMODINE
GREAT SOUTHERN DISTRICT,NARROGIN SUBDISTRICT,CONTINE
GREAT SOUTHERN DISTRICT,NARROGIN SUBDISTRICT,CUBALLING
GREAT SOUTHERN DISTRICT,NARROGIN SUBDISTRICT,DRYANDRA
GREAT SOUTHERN DISTRICT,NARROGIN SUBDISTRICT,DUMBERNING
GREAT SOUTHERN DISTRICT,NARROGIN SUBDISTRICT,EAST POPANYINNING
GREAT SOUTHERN DISTRICT,NARROGIN SUBDISTRICT,HIGHBURY
GREAT SOUTHERN DISTRICT,NARROGIN SUBDISTRICT,HILLSIDE
GREAT SOUTHERN DISTRICT,NARROGIN SUBDISTRICT,LOL GRAY
GREAT SOUTHERN DISTRICT,NARROGIN SUBDISTRICT,MINIGIN
GREAT SOUTHERN DISTRICT,NARROGIN SUBDISTRICT,NARROGIN
GREAT SOUTHERN DISTRICT,NARROGIN SUBDISTRICT,NARROGIN VALLEY
GREAT SOUTHERN DISTRICT,NARROGIN SUBDISTRICT,NOMANS LAKE
GREAT SOUTHERN DISTRICT,NARROGIN SUBDISTRICT,POPANYINNING
GREAT SOUTHERN DISTRICT,NARROGIN SUBDISTRICT,STRATHERNE
GREAT SOUTHERN DISTRICT,NARROGIN SUBDISTRICT,TOWNSENDALE
GREAT SOUTHERN DISTRICT,NARROGIN SUBDISTRICT,WARDERING
GREAT SOUTHERN DISTRICT,NARROGIN SUBDISTRICT,WEST POPANYINNING
GREAT SOUTHERN DISTRICT,NARROGIN SUBDISTRICT,YILLIMINNING
GREAT SOUTHERN DISTRICT,NARROGIN SUBDISTRICT,YORNANING
GREAT SOUTHERN DISTRICT,DUMBLEYUNG SUBDISTRICT,DATATINE
GREAT SOUTHERN DISTRICT,DUMBLEYUNG SUBDISTRICT,DONGOLOCKING
GREAT SOUTHERN DISTRICT,DUMBLEYUNG SUBDISTRICT,DUMBLEYUNG
GREAT SOUTHERN DISTRICT,DUMBLEYUNG SUBDISTRICT,KUKERIN
GREAT SOUTHERN DISTRICT,DUMBLEYUNG SUBDISTRICT,MERILUP
GREAT SOUTHERN DISTRICT,DUMBLEYUNG SUBDISTRICT,MOULYINNING
GREAT SOUTHERN DISTRICT,DUMBLEYUNG SUBDISTRICT,NAIRIBIN
GREAT SOUTHERN DISTRICT,DUMBLEYUNG SUBDISTRICT,NIPPERING
GREAT SOUTHERN DISTRICT,DUMBLEYUNG SUBDISTRICT,NORTH KUKERIN
GREAT SOUTHERN DISTRICT,DUMBLEYUNG SUBDISTRICT,NORTH MOULYINNING
GREAT SOUTHERN DISTRICT,DUMBLEYUNG SUBDISTRICT,SOUTH KUKERIN
GREAT SOUTHERN DISTRICT,DUMBLEYUNG SUBDISTRICT,TARIN ROCK
GREAT SOUTHERN DISTRICT,PINGELLY SUBDISTRICT,DWARDA
GREAT SOUTHERN DISTRICT,PINGELLY SUBDISTRICT,EAST PINGELLY
GREAT SOUTHERN DISTRICT,PINGELLY SUBDISTRICT,HASTINGS
GREAT SOUTHERN DISTRICT,PINGELLY SUBDISTRICT,MOUNT COOKE
GREAT SOUTHERN DISTRICT,PINGELLY SUBDISTRICT,NORTH BANNISTER
GREAT SOUTHERN DISTRICT,PINGELLY SUBDISTRICT,PINGELLY
GREAT SOUTHERN DISTRICT,PINGELLY SUBDISTRICT,PUMPHREYS BRIDGE
GREAT SOUTHERN DISTRICT,PINGELLY SUBDISTRICT,SPRINGS
GREAT SOUTHERN DISTRICT,PINGELLY SUBDISTRICT,WANDERING
GREAT SOUTHERN DISTRICT,PINGELLY SUBDISTRICT,WEST PINGELLY
GREAT SOUTHERN DISTRICT,GNOWANGERUP SUBDISTRICT,BORDEN
GREAT SOUTHERN DISTRICT,GNOWANGERUP SUBDISTRICT,COWALELLUP
GREAT SOUTHERN DISTRICT,GNOWANGERUP SUBDISTRICT,GNOWANGERUP
GREAT SOUTHERN DISTRICT,GNOWANGERUP SUBDISTRICT,JACKITUP
GREAT SOUTHERN DISTRICT,GNOWANGERUP SUBDISTRICT,KEBARINGUP
GREAT SOUTHERN DISTRICT,GNOWANGERUP SUBDISTRICT,MAGITUP
GREAT SOUTHERN DISTRICT,GNOWANGERUP SUBDISTRICT,MILLS LAKE
GREAT SOUTHERN DISTRICT,GNOWANGERUP SUBDISTRICT,MINDARABIN
GREAT SOUTHERN DISTRICT,GNOWANGERUP SUBDISTRICT,MONJEBUP
GREAT SOUTHERN DISTRICT,GNOWANGERUP SUBDISTRICT,NALYERLUP
GREAT SOUTHERN DISTRICT,GNOWANGERUP SUBDISTRICT,NORTH STIRLINGS
GREAT SOUTHERN DISTRICT,GNOWANGERUP SUBDISTRICT,ONGERUP
GREAT SOUTHERN DISTRICT,GNOWANGERUP SUBDISTRICT,PALLINUP
GREAT SOUTHERN DISTRICT,GNOWANGERUP SUBDISTRICT,STIRLING RANGE NATIONAL PARK
GREAT SOUTHERN DISTRICT,GNOWANGERUP SUBDISTRICT,TOOMPUP
GREAT SOUTHERN DISTRICT,RAVENSTHORPE SUBDISTRICT,FITZGERALD RIVER NATIONAL PARK
GREAT SOUTHERN DISTRICT,RAVENSTHORPE SUBDISTRICT,HATTER HILL
GREAT SOUTHERN DISTRICT,RAVENSTHORPE SUBDISTRICT,LAKE CAMM
GREAT SOUTHERN DISTRICT,RAVENSTHORPE SUBDISTRICT,LAKE KING
GREAT SOUTHERN DISTRICT,RAVENSTHORPE SUBDISTRICT,MOUNT MADDEN
GREAT SOUTHERN DISTRICT,RAVENSTHORPE SUBDISTRICT,MUNGLINUP
GREAT SOUTHERN DISTRICT,RAVENSTHORPE SUBDISTRICT,RAVENSTHORPE
GREAT SOUTHERN DISTRICT,RAVENSTHORPE SUBDISTRICT,VARLEY
GREAT SOUTHERN DISTRICT,RAVENSTHORPE SUBDISTRICT,WEST RIVER
GREAT SOUTHERN DISTRICT,HOPETOUN SUBDISTRICT,JERDACUTTUP
GREAT SOUTHERN DISTRICT,TAMBELLUP SUBDISTRICT,BORDERDALE
GREAT SOUTHERN DISTRICT,TAMBELLUP SUBDISTRICT,BROOMEHILL EAST
GREAT SOUTHERN DISTRICT,TAMBELLUP SUBDISTRICT,BROOMEHILL VILLAGE
GREAT SOUTHERN DISTRICT,TAMBELLUP SUBDISTRICT,BROOMEHILL WEST
GREAT SOUTHERN DISTRICT,TAMBELLUP SUBDISTRICT,DARTNALL
GREAT SOUTHERN DISTRICT,TAMBELLUP SUBDISTRICT,LAKE TOOLBRUNUP
GREAT SOUTHERN DISTRICT,TAMBELLUP SUBDISTRICT,MOONIES HILL
GREAT SOUTHERN DISTRICT,TAMBELLUP SUBDISTRICT,TAMBELLUP
GREAT SOUTHERN DISTRICT,TAMBELLUP SUBDISTRICT,WANSBROUGH
GREAT SOUTHERN DISTRICT,JERRAMUNGUP SUBDISTRICT,BREMER BAY
GREAT SOUTHERN DISTRICT,JERRAMUNGUP SUBDISTRICT,GAIRDNER
GREAT SOUTHERN DISTRICT,JERRAMUNGUP SUBDISTRICT,JACUP
GREAT SOUTHERN DISTRICT,JERRAMUNGUP SUBDISTRICT,JERRAMUNGUP
GREAT SOUTHERN DISTRICT,JERRAMUNGUP SUBDISTRICT,NEEDILUP
GREAT SOUTHERN DISTRICT,JERRAMUNGUP SUBDISTRICT,WEST FITZGERALD
GREAT SOUTHERN DISTRICT,WAGIN SUBDISTRICT,CANCANNING
GREAT SOUTHERN DISTRICT,WAGIN SUBDISTRICT,COLLANILLING
GREAT SOUTHERN DISTRICT,WAGIN SUBDISTRICT,GUNDARING
GREAT SOUTHERN DISTRICT,WAGIN SUBDISTRICT,JALORAN
GREAT SOUTHERN DISTRICT,WAGIN SUBDISTRICT,LIME LAKE
GREAT SOUTHERN DISTRICT,WAGIN SUBDISTRICT,MINDING
GREAT SOUTHERN DISTRICT,WAGIN SUBDISTRICT,PIESSEVILLE
GREAT SOUTHERN DISTRICT,WAGIN SUBDISTRICT,WAGIN
GREAT SOUTHERN DISTRICT,WAGIN SUBDISTRICT,WEDGECARRUP
GREAT SOUTHERN DISTRICT,KATANNING SUBDISTRICT,BEAUFORT RIVER
GREAT SOUTHERN DISTRICT,KATANNING SUBDISTRICT,BOYERINE
GREAT SOUTHERN DISTRICT,KATANNING SUBDISTRICT,CARROLUP
GREAT SOUTHERN DISTRICT,KATANNING SUBDISTRICT,CARTMETICUP
GREAT SOUTHERN DISTRICT,KATANNING SUBDISTRICT,COBLININE
GREAT SOUTHERN DISTRICT,KATANNING SUBDISTRICT,COYRECUP
GREAT SOUTHERN DISTRICT,KATANNING SUBDISTRICT,EWLYAMARTUP
GREAT SOUTHERN DISTRICT,KATANNING SUBDISTRICT,GLENCOE
GREAT SOUTHERN DISTRICT,KATANNING SUBDISTRICT,KATANNING
GREAT SOUTHERN DISTRICT,KATANNING SUBDISTRICT,KENMARE
GREAT SOUTHERN DISTRICT,KATANNING SUBDISTRICT,MARRACOONDA
GREAT SOUTHERN DISTRICT,KATANNING SUBDISTRICT,MOOJEBING
GREAT SOUTHERN DISTRICT,KATANNING SUBDISTRICT,MURDONG
GREAT SOUTHERN DISTRICT,KATANNING SUBDISTRICT,NYABING
GREAT SOUTHERN DISTRICT,KATANNING SUBDISTRICT,PINGRUP
GREAT SOUTHERN DISTRICT,KATANNING SUBDISTRICT,PINWERNYING
GREAT SOUTHERN DISTRICT,KATANNING SUBDISTRICT,SOUTH DATATINE
GREAT SOUTHERN DISTRICT,KATANNING SUBDISTRICT,SOUTH GLENCOE
GREAT SOUTHERN DISTRICT,KATANNING SUBDISTRICT,WESTWOOD
GREAT SOUTHERN DISTRICT,KATANNING SUBDISTRICT,WOODANILLING
GREAT SOUTHERN DISTRICT,WALPOLE SUBDISTRICT,BROKE
GREAT SOUTHERN DISTRICT,WALPOLE SUBDISTRICT,HAZELVALE
GREAT SOUTHERN DISTRICT,WALPOLE SUBDISTRICT,NORNALUP
GREAT SOUTHERN DISTRICT,WALPOLE SUBDISTRICT,NORTH WALPOLE
GREAT SOUTHERN DISTRICT,WALPOLE SUBDISTRICT,PEACEFUL BAY
GREAT SOUTHERN DISTRICT,WALPOLE SUBDISTRICT,TINGLEDALE
GREAT SOUTHERN DISTRICT,WALPOLE SUBDISTRICT,TRENT
GREAT SOUTHERN DISTRICT,WALPOLE SUBDISTRICT,WALPOLE
GREAT SOUTHERN DISTRICT,ALBANY SUBDISTRICT,ALBANY
GREAT SOUTHERN DISTRICT,ALBANY SUBDISTRICT,BAYONET HEAD
GREAT SOUTHERN DISTRICT,ALBANY SUBDISTRICT,BIG GROVE
GREAT SOUTHERN DISTRICT,ALBANY SUBDISTRICT,BORNHOLM
GREAT SOUTHERN DISTRICT,ALBANY SUBDISTRICT,CENTENNIAL PARK
GREAT SOUTHERN DISTRICT,ALBANY SUBDISTRICT,CHEYNES
GREAT SOUTHERN DISTRICT,ALBANY SUBDISTRICT,COLLINGWOOD HEIGHTS
GREAT SOUTHERN DISTRICT,ALBANY SUBDISTRICT,COLLINGWOOD PARK
GREAT SOUTHERN DISTRICT,ALBANY SUBDISTRICT,CUTHBERT
GREAT SOUTHERN DISTRICT,ALBANY SUBDISTRICT,DROME
GREAT SOUTHERN DISTRICT,ALBANY SUBDISTRICT,ELLEKER
GREAT SOUTHERN DISTRICT,ALBANY SUBDISTRICT,EMU POINT
GREAT SOUTHERN DISTRICT,ALBANY SUBDISTRICT,FRENCHMAN BAY
GREAT SOUTHERN DISTRICT,ALBANY SUBDISTRICT,GLEDHOW
GREAT SOUTHERN DISTRICT,ALBANY SUBDISTRICT,GNOWELLEN
GREAT SOUTHERN DISTRICT,ALBANY SUBDISTRICT,GOODE BEACH
GREAT SOUTHERN DISTRICT,ALBANY SUBDISTRICT,GREEN RANGE
GREAT SOUTHERN DISTRICT,ALBANY SUBDISTRICT,GREEN VALLEY
GREAT SOUTHERN DISTRICT,ALBANY SUBDISTRICT,KALGAN
GREAT SOUTHERN DISTRICT,ALBANY SUBDISTRICT,KING RIVER
GREAT SOUTHERN DISTRICT,ALBANY SUBDISTRICT,KOJANEERUP SOUTH
GREAT SOUTHERN DISTRICT,ALBANY SUBDISTRICT,KRONKUP
GREAT SOUTHERN DISTRICT,ALBANY SUBDISTRICT,LANGE
GREAT SOUTHERN DISTRICT,ALBANY SUBDISTRICT,LITTLE GROVE
GREAT SOUTHERN DISTRICT,ALBANY SUBDISTRICT,LOCKYER
GREAT SOUTHERN DISTRICT,ALBANY SUBDISTRICT,LOWER KING
GREAT SOUTHERN DISTRICT,ALBANY SUBDISTRICT,LOWLANDS
GREAT SOUTHERN DISTRICT,ALBANY SUBDISTRICT,MANYPEAKS
GREAT SOUTHERN DISTRICT,ALBANY SUBDISTRICT,MARBELUP
GREAT SOUTHERN DISTRICT,ALBANY SUBDISTRICT,MCKAIL
GREAT SOUTHERN DISTRICT,ALBANY SUBDISTRICT,METTLER
GREAT SOUTHERN DISTRICT,ALBANY SUBDISTRICT,MIDDLETON BEACH
GREAT SOUTHERN DISTRICT,ALBANY SUBDISTRICT,MILLBROOK
GREAT SOUTHERN DISTRICT,ALBANY SUBDISTRICT,MILPARA
GREAT SOUTHERN DISTRICT,ALBANY SUBDISTRICT,MIRA MAR
GREAT SOUTHERN DISTRICT,ALBANY SUBDISTRICT,MOUNT CLARENCE
GREAT SOUTHERN DISTRICT,ALBANY SUBDISTRICT,MOUNT ELPHINSTONE
GREAT SOUTHERN DISTRICT,ALBANY SUBDISTRICT,MOUNT MELVILLE
GREAT SOUTHERN DISTRICT,ALBANY SUBDISTRICT,NANARUP
GREAT SOUTHERN DISTRICT,ALBANY SUBDISTRICT,NAPIER
GREAT SOUTHERN DISTRICT,ALBANY SUBDISTRICT,NULLAKI
GREAT SOUTHERN DISTRICT,ALBANY SUBDISTRICT,ORANA
GREAT SOUTHERN DISTRICT,ALBANY SUBDISTRICT,PALMDALE
GREAT SOUTHERN DISTRICT,ALBANY SUBDISTRICT,PORT ALBANY
GREAT SOUTHERN DISTRICT,ALBANY SUBDISTRICT,REDMOND
GREAT SOUTHERN DISTRICT,ALBANY SUBDISTRICT,REDMOND WEST
GREAT SOUTHERN DISTRICT,ALBANY SUBDISTRICT,ROBINSON
GREAT SOUTHERN DISTRICT,ALBANY SUBDISTRICT,SANDPATCH
GREAT SOUTHERN DISTRICT,ALBANY SUBDISTRICT,SEPPINGS
GREAT SOUTHERN DISTRICT,ALBANY SUBDISTRICT,SOUTH STIRLING
GREAT SOUTHERN DISTRICT,ALBANY SUBDISTRICT,SPENCER PARK
GREAT SOUTHERN DISTRICT,ALBANY SUBDISTRICT,TORBAY
GREAT SOUTHERN DISTRICT,ALBANY SUBDISTRICT,TORNDIRRUP
GREAT SOUTHERN DISTRICT,ALBANY SUBDISTRICT,WALMSLEY
GREAT SOUTHERN DISTRICT,ALBANY SUBDISTRICT,WARRENUP
GREAT SOUTHERN DISTRICT,ALBANY SUBDISTRICT,WELLSTEAD
GREAT SOUTHERN DISTRICT,ALBANY SUBDISTRICT,WEST CAPE HOWE
GREAT SOUTHERN DISTRICT,ALBANY SUBDISTRICT,WILLYUNG
GREAT SOUTHERN DISTRICT,ALBANY SUBDISTRICT,YAKAMIA
GREAT SOUTHERN DISTRICT,ALBANY SUBDISTRICT,YOUNGS SIDING
GREAT SOUTHERN DISTRICT,KOJONUP SUBDISTRICT,BOSCABEL
GREAT SOUTHERN DISTRICT,KOJONUP SUBDISTRICT,CHANGERUP
GREAT SOUTHERN DISTRICT,KOJONUP SUBDISTRICT,CHERRY TREE POOL
GREAT SOUTHERN DISTRICT,KOJONUP SUBDISTRICT,JINGALUP
GREAT SOUTHERN DISTRICT,KOJONUP SUBDISTRICT,KOJONUP
GREAT SOUTHERN DISTRICT,KOJONUP SUBDISTRICT,LUMEAH
GREAT SOUTHERN DISTRICT,KOJONUP SUBDISTRICT,MOBRUP
GREAT SOUTHERN DISTRICT,KOJONUP SUBDISTRICT,MURADUP
GREAT SOUTHERN DISTRICT,KOJONUP SUBDISTRICT,ORCHID VALLEY
GREAT SOUTHERN DISTRICT,KOJONUP SUBDISTRICT,QUALEUP
GREAT SOUTHERN DISTRICT,KOJONUP SUBDISTRICT,RYANSBROOK
GREAT SOUTHERN DISTRICT,WICKEPIN SUBDISTRICT,GILLIMANNING
GREAT SOUTHERN DISTRICT,WICKEPIN SUBDISTRICT,HARRISMITH
GREAT SOUTHERN DISTRICT,WICKEPIN SUBDISTRICT,KIRK ROCK
GREAT SOUTHERN DISTRICT,WICKEPIN SUBDISTRICT,MALYALLING
GREAT SOUTHERN DISTRICT,WICKEPIN SUBDISTRICT,TINCURRIN
GREAT SOUTHERN DISTRICT,WICKEPIN SUBDISTRICT,TOOLIBIN
GREAT SOUTHERN DISTRICT,WICKEPIN SUBDISTRICT,WICKEPIN
GREAT SOUTHERN DISTRICT,WICKEPIN SUBDISTRICT,WOGOLIN
GREAT SOUTHERN DISTRICT,WICKEPIN SUBDISTRICT,YEALERING
GREAT SOUTHERN DISTRICT,BODDINGTON SUBDISTRICT,BODDINGTON
GREAT SOUTHERN DISTRICT,BODDINGTON SUBDISTRICT,CROSSMAN
GREAT SOUTHERN DISTRICT,BODDINGTON SUBDISTRICT,LOWER HOTHAM
GREAT SOUTHERN DISTRICT,BODDINGTON SUBDISTRICT,MARRADONG
GREAT SOUTHERN DISTRICT,BODDINGTON SUBDISTRICT,MOUNT WELLS
GREAT SOUTHERN DISTRICT,BODDINGTON SUBDISTRICT,QUINDANNING
GREAT SOUTHERN DISTRICT,BODDINGTON SUBDISTRICT,RANFORD
GREAT SOUTHERN DISTRICT,BODDINGTON SUBDISTRICT,UPPER MURRAY
GREAT SOUTHERN DISTRICT,BODDINGTON SUBDISTRICT,WURAMING
GREAT SOUTHERN DISTRICT,KONDININ SUBDISTRICT,HYDEN
GREAT SOUTHERN DISTRICT,KONDININ SUBDISTRICT,KARLGARIN
GREAT SOUTHERN DISTRICT,KONDININ SUBDISTRICT,KONDININ
GREAT SOUTHERN DISTRICT,WILLIAMS SUBDISTRICT,BOKAL
GREAT SOUTHERN DISTRICT,WILLIAMS SUBDISTRICT,BOWELLING
GREAT SOUTHERN DISTRICT,WILLIAMS SUBDISTRICT,DARDADINE
GREAT SOUTHERN DISTRICT,WILLIAMS SUBDISTRICT,DARKAN
GREAT SOUTHERN DISTRICT,WILLIAMS SUBDISTRICT,DURANILLIN
GREAT SOUTHERN DISTRICT,WILLIAMS SUBDISTRICT,MEEKING
GREAT SOUTHERN DISTRICT,WILLIAMS SUBDISTRICT,MOKUP
GREAT SOUTHERN DISTRICT,WILLIAMS SUBDISTRICT,MOODIARRUP
GREAT SOUTHERN DISTRICT,WILLIAMS SUBDISTRICT,TRIGWELL
GREAT SOUTHERN DISTRICT,WILLIAMS SUBDISTRICT,WILLIAMS
GREAT SOUTHERN DISTRICT,BROOKTON SUBDISTRICT,BROOKTON
GREAT SOUTHERN DISTRICT,BROOKTON SUBDISTRICT,JELCOBINE
GREAT SOUTHERN DISTRICT,BROOKTON SUBDISTRICT,KWEDA
GREAT SOUTHERN DISTRICT,KULIN SUBDISTRICT,HOLT ROCK
GREAT SOUTHERN DISTRICT,KULIN SUBDISTRICT,JILAKIN
GREAT SOUTHERN DISTRICT,KULIN SUBDISTRICT,JITARNING
GREAT SOUTHERN DISTRICT,KULIN SUBDISTRICT,KULIN
GREAT SOUTHERN DISTRICT,KULIN SUBDISTRICT,KULIN WEST
GREAT SOUTHERN DISTRICT,KULIN SUBDISTRICT,LITTLE ITALY
GREAT SOUTHERN DISTRICT,KULIN SUBDISTRICT,PINGARING
GREAT SOUTHERN DISTRICT,KULIN SUBDISTRICT,WALYURIN
KIMBERLEY DISTRICT,WYNDHAM SUBDISTRICT,GIBB
KIMBERLEY DISTRICT,WYNDHAM SUBDISTRICT,OOMBULGURRI
KIMBERLEY DISTRICT,WYNDHAM SUBDISTRICT,WYNDHAM
KIMBERLEY DISTRICT,BIDYADANGAMFPF SUBDISTRICT,EIGHTY MILE BEACH
KIMBERLEY DISTRICT,BIDYADANGAMFPF SUBDISTRICT,GINGERAH
KIMBERLEY DISTRICT,BIDYADANGAMFPF SUBDISTRICT,LAGRANGE
KIMBERLEY DISTRICT,BROOME SUBDISTRICT,BROOME
KIMBERLEY DISTRICT,BROOME SUBDISTRICT,CABLE BEACH
KIMBERLEY DISTRICT,BROOME SUBDISTRICT,DJUGUN
KIMBERLEY DISTRICT,BROOME SUBDISTRICT,MINYIRR
KIMBERLEY DISTRICT,BROOME SUBDISTRICT,ROEBUCK
KIMBERLEY DISTRICT,DAMPIERPENINSULAMFPF SUBDISTRICT,WATERBANK
KIMBERLEY DISTRICT,DERBY SUBDISTRICT,KIMBOLTON
KIMBERLEY DISTRICT,DERBY SUBDISTRICT,KING LEOPOLD RANGES
KIMBERLEY DISTRICT,DERBY SUBDISTRICT,MEDA
KIMBERLEY DISTRICT,DERBY SUBDISTRICT,MOUNT HARDMAN
KIMBERLEY DISTRICT,DERBY SUBDISTRICT,WILLARE
KIMBERLEY DISTRICT,HALLSCREEK SUBDISTRICT,MCBEATH
KIMBERLEY DISTRICT,HALLSCREEK SUBDISTRICT,MUELLER RANGES
KIMBERLEY DISTRICT,HALLSCREEK SUBDISTRICT,ORD RIVER
KIMBERLEY DISTRICT,HALLSCREEK SUBDISTRICT,STURT CREEK
KIMBERLEY DISTRICT,KALUMBURUMFPF SUBDISTRICT,KALUMBURU
KIMBERLEY DISTRICT,KALUMBURUMFPF SUBDISTRICT,MITCHELL PLATEAU
KIMBERLEY DISTRICT,KALUMBURUMFPF SUBDISTRICT,PRINCE REGENT RIVER
KIMBERLEY DISTRICT,KUNUNURRA SUBDISTRICT,KUNUNURRA
KIMBERLEY DISTRICT,KUNUNURRA SUBDISTRICT,LAKE ARGYLE
KIMBERLEY DISTRICT,LOOMAMFPF SUBDISTRICT,GEEGULLY CREEK
KIMBERLEY DISTRICT,LOOMAMFPF SUBDISTRICT,ST GEORGE RANGES
KIMBERLEY DISTRICT,WARMUNMFPF SUBDISTRICT,WARMUN
KIMBERLEY DISTRICT,BALGOMFPF SUBDISTRICT,BALGO
KIMBERLEY DISTRICT,BALGOMFPF SUBDISTRICT,TANAMI
MID WEST-GASCOYNE DISTRICT,MINGENEW SUBDISTRICT,HOLMWOOD
MID WEST-GASCOYNE DISTRICT,MINGENEW SUBDISTRICT,IKEWA
MID WEST-GASCOYNE DISTRICT,MINGENEW SUBDISTRICT,LOCKIER
MID WEST-GASCOYNE DISTRICT,MINGENEW SUBDISTRICT,MINGENEW
MID WEST-GASCOYNE DISTRICT,MINGENEW SUBDISTRICT,MOORIARY
MID WEST-GASCOYNE DISTRICT,MINGENEW SUBDISTRICT,MOUNT BUDD
MID WEST-GASCOYNE DISTRICT,MINGENEW SUBDISTRICT,NANGETTY
MID WEST-GASCOYNE DISTRICT,MINGENEW SUBDISTRICT,YANDANOOKA
MID WEST-GASCOYNE DISTRICT,MINGENEW SUBDISTRICT,YARRAGADEE
MID WEST-GASCOYNE DISTRICT,BURRINGURRAHMFPF SUBDISTRICT,EAST LYONS RIVER
MID WEST-GASCOYNE DISTRICT,BURRINGURRAHMFPF SUBDISTRICT,GASCOYNE JUNCTION
MID WEST-GASCOYNE DISTRICT,BURRINGURRAHMFPF SUBDISTRICT,GASCOYNE RIVER
MID WEST-GASCOYNE DISTRICT,BURRINGURRAHMFPF SUBDISTRICT,WEST LYONS RIVER
MID WEST-GASCOYNE DISTRICT,MORAWA SUBDISTRICT,GUTHA
MID WEST-GASCOYNE DISTRICT,MORAWA SUBDISTRICT,KOOLANOOKA
MID WEST-GASCOYNE DISTRICT,MORAWA SUBDISTRICT,MERKANOOKA
MID WEST-GASCOYNE DISTRICT,MORAWA SUBDISTRICT,MORAWA
MID WEST-GASCOYNE DISTRICT,MORAWA SUBDISTRICT,PINTHARUKA
MID WEST-GASCOYNE DISTRICT,CARNAMAH SUBDISTRICT,COOROW
MID WEST-GASCOYNE DISTRICT,CARNAMAH SUBDISTRICT,EGANU
MID WEST-GASCOYNE DISTRICT,CARNAMAH SUBDISTRICT,GUNYIDI
MID WEST-GASCOYNE DISTRICT,CARNAMAH SUBDISTRICT,MARCHAGEE
MID WEST-GASCOYNE DISTRICT,CARNAMAH SUBDISTRICT,WADDY FOREST
MID WEST-GASCOYNE DISTRICT,MOUNTMAGNET SUBDISTRICT,DAGGAR HILLS
MID WEST-GASCOYNE DISTRICT,MOUNTMAGNET SUBDISTRICT,MOUNT MAGNET
MID WEST-GASCOYNE DISTRICT,MOUNTMAGNET SUBDISTRICT,PAYNESVILLE
MID WEST-GASCOYNE DISTRICT,MOUNTMAGNET SUBDISTRICT,SANDSTONE
MID WEST-GASCOYNE DISTRICT,CARNARVON SUBDISTRICT,BERNIER ISLAND
MID WEST-GASCOYNE DISTRICT,CARNARVON SUBDISTRICT,BROCKMAN
MID WEST-GASCOYNE DISTRICT,CARNARVON SUBDISTRICT,BROWN RANGE
MID WEST-GASCOYNE DISTRICT,CARNARVON SUBDISTRICT,CARNARVON
MID WEST-GASCOYNE DISTRICT,CARNARVON SUBDISTRICT,DORRE ISLAND
MID WEST-GASCOYNE DISTRICT,CARNARVON SUBDISTRICT,EAST CARNARVON
MID WEST-GASCOYNE DISTRICT,CARNARVON SUBDISTRICT,GREYS PLAIN
MID WEST-GASCOYNE DISTRICT,CARNARVON SUBDISTRICT,INGGARDA
MID WEST-GASCOYNE DISTRICT,CARNARVON SUBDISTRICT,KENNEDY RANGE
MID WEST-GASCOYNE DISTRICT,CARNARVON SUBDISTRICT,KINGSFORD
MID WEST-GASCOYNE DISTRICT,CARNARVON SUBDISTRICT,LYNDON
MID WEST-GASCOYNE DISTRICT,CARNARVON SUBDISTRICT,MACLEOD
MID WEST-GASCOYNE DISTRICT,CARNARVON SUBDISTRICT,MASSEY BAY
MID WEST-GASCOYNE DISTRICT,CARNARVON SUBDISTRICT,MINILYA
MID WEST-GASCOYNE DISTRICT,CARNARVON SUBDISTRICT,MORGANTOWN
MID WEST-GASCOYNE DISTRICT,CARNARVON SUBDISTRICT,NORTH PLANTATIONS
MID WEST-GASCOYNE DISTRICT,CARNARVON SUBDISTRICT,SOUTH CARNARVON
MID WEST-GASCOYNE DISTRICT,CARNARVON SUBDISTRICT,SOUTH PLANTATIONS
MID WEST-GASCOYNE DISTRICT,CARNARVON SUBDISTRICT,WOORAMEL
MID WEST-GASCOYNE DISTRICT,CARNARVON SUBDISTRICT,YANDOO CREEK
MID WEST-GASCOYNE DISTRICT,MULLEWA SUBDISTRICT,DEVILS CREEK
MID WEST-GASCOYNE DISTRICT,MULLEWA SUBDISTRICT,MULLEWA
MID WEST-GASCOYNE DISTRICT,MULLEWA SUBDISTRICT,NERRAMYNE
MID WEST-GASCOYNE DISTRICT,MULLEWA SUBDISTRICT,NUNIERRA
MID WEST-GASCOYNE DISTRICT,MULLEWA SUBDISTRICT,PINDAR
MID WEST-GASCOYNE DISTRICT,MULLEWA SUBDISTRICT,TARDUN
MID WEST-GASCOYNE DISTRICT,MULLEWA SUBDISTRICT,TENINDEWA
MID WEST-GASCOYNE DISTRICT,MULLEWA SUBDISTRICT,WEST CASUARINAS
MID WEST-GASCOYNE DISTRICT,MULLEWA SUBDISTRICT,WONGOONDY
MID WEST-GASCOYNE DISTRICT,MULLEWA SUBDISTRICT,WOOLGORONG
MID WEST-GASCOYNE DISTRICT,CUE SUBDISTRICT,LAKE AUSTIN
MID WEST-GASCOYNE DISTRICT,CUE SUBDISTRICT,REEDY
MID WEST-GASCOYNE DISTRICT,CUE SUBDISTRICT,WELD RANGE
MID WEST-GASCOYNE DISTRICT,NORTHAMPTON SUBDISTRICT,ALMA
MID WEST-GASCOYNE DISTRICT,NORTHAMPTON SUBDISTRICT,BINNU
MID WEST-GASCOYNE DISTRICT,NORTHAMPTON SUBDISTRICT,BOWES
MID WEST-GASCOYNE DISTRICT,NORTHAMPTON SUBDISTRICT,COOLCALALAYA
MID WEST-GASCOYNE DISTRICT,NORTHAMPTON SUBDISTRICT,DARTMOOR
MID WEST-GASCOYNE DISTRICT,NORTHAMPTON SUBDISTRICT,DINDILOA
MID WEST-GASCOYNE DISTRICT,NORTHAMPTON SUBDISTRICT,DURAWAH
MID WEST-GASCOYNE DISTRICT,NORTHAMPTON SUBDISTRICT,EAST BOWES
MID WEST-GASCOYNE DISTRICT,NORTHAMPTON SUBDISTRICT,EAST NABAWA
MID WEST-GASCOYNE DISTRICT,NORTHAMPTON SUBDISTRICT,EAST YUNA
MID WEST-GASCOYNE DISTRICT,NORTHAMPTON SUBDISTRICT,EURARDY
MID WEST-GASCOYNE DISTRICT,NORTHAMPTON SUBDISTRICT,GREGORY
MID WEST-GASCOYNE DISTRICT,NORTHAMPTON SUBDISTRICT,HICKETY
MID WEST-GASCOYNE DISTRICT,NORTHAMPTON SUBDISTRICT,HORROCKS
MID WEST-GASCOYNE DISTRICT,NORTHAMPTON SUBDISTRICT,ISSEKA
MID WEST-GASCOYNE DISTRICT,NORTHAMPTON SUBDISTRICT,MARRAH
MID WEST-GASCOYNE DISTRICT,NORTHAMPTON SUBDISTRICT,MOUNT ERIN
MID WEST-GASCOYNE DISTRICT,NORTHAMPTON SUBDISTRICT,NABAWA
MID WEST-GASCOYNE DISTRICT,NORTHAMPTON SUBDISTRICT,NANSON
MID WEST-GASCOYNE DISTRICT,NORTHAMPTON SUBDISTRICT,NARALING
MID WEST-GASCOYNE DISTRICT,NORTHAMPTON SUBDISTRICT,NOLBA
MID WEST-GASCOYNE DISTRICT,NORTHAMPTON SUBDISTRICT,NORTH ERADU
MID WEST-GASCOYNE DISTRICT,NORTHAMPTON SUBDISTRICT,NORTHAMPTON
MID WEST-GASCOYNE DISTRICT,NORTHAMPTON SUBDISTRICT,OGILVIE
MID WEST-GASCOYNE DISTRICT,NORTHAMPTON SUBDISTRICT,ROCKWELL
MID WEST-GASCOYNE DISTRICT,NORTHAMPTON SUBDISTRICT,SANDY GULLY
MID WEST-GASCOYNE DISTRICT,NORTHAMPTON SUBDISTRICT,SOUTH YUNA
MID WEST-GASCOYNE DISTRICT,NORTHAMPTON SUBDISTRICT,VALENTINE
MID WEST-GASCOYNE DISTRICT,NORTHAMPTON SUBDISTRICT,WANDANA
MID WEST-GASCOYNE DISTRICT,NORTHAMPTON SUBDISTRICT,WEST BINNU
MID WEST-GASCOYNE DISTRICT,NORTHAMPTON SUBDISTRICT,YALLABATHARRA
MID WEST-GASCOYNE DISTRICT,NORTHAMPTON SUBDISTRICT,YUNA
MID WEST-GASCOYNE DISTRICT,DONGARA SUBDISTRICT,ARROWSMITH
MID WEST-GASCOYNE DISTRICT,DONGARA SUBDISTRICT,BONNIEFIELD
MID WEST-GASCOYNE DISTRICT,DONGARA SUBDISTRICT,BOOKARA
MID WEST-GASCOYNE DISTRICT,DONGARA SUBDISTRICT,DONGARA
MID WEST-GASCOYNE DISTRICT,DONGARA SUBDISTRICT,IRWIN
MID WEST-GASCOYNE DISTRICT,DONGARA SUBDISTRICT,MILO
MID WEST-GASCOYNE DISTRICT,DONGARA SUBDISTRICT,MOUNT ADAMS
MID WEST-GASCOYNE DISTRICT,DONGARA SUBDISTRICT,MOUNT HORNER
MID WEST-GASCOYNE DISTRICT,DONGARA SUBDISTRICT,PORT DENISON
MID WEST-GASCOYNE DISTRICT,DONGARA SUBDISTRICT,SPRINGFIELD
MID WEST-GASCOYNE DISTRICT,DONGARA SUBDISTRICT,YARDARINO
MID WEST-GASCOYNE DISTRICT,PERENJORI SUBDISTRICT,BUNJIL
MID WEST-GASCOYNE DISTRICT,PERENJORI SUBDISTRICT,LATHAM
MID WEST-GASCOYNE DISTRICT,PERENJORI SUBDISTRICT,MAYA
MID WEST-GASCOYNE DISTRICT,PERENJORI SUBDISTRICT,PERENJORI
MID WEST-GASCOYNE DISTRICT,PERENJORI SUBDISTRICT,ROTHSAY
MID WEST-GASCOYNE DISTRICT,GERALDTON SUBDISTRICT,BERESFORD
MID WEST-GASCOYNE DISTRICT,GERALDTON SUBDISTRICT,BLUFF POINT
MID WEST-GASCOYNE DISTRICT,GERALDTON SUBDISTRICT,BOOTENAL
MID WEST-GASCOYNE DISTRICT,GERALDTON SUBDISTRICT,BRINGO
MID WEST-GASCOYNE DISTRICT,GERALDTON SUBDISTRICT,BULLER
MID WEST-GASCOYNE DISTRICT,GERALDTON SUBDISTRICT,BURMA ROAD
MID WEST-GASCOYNE DISTRICT,GERALDTON SUBDISTRICT,CAPE BURNEY
MID WEST-GASCOYNE DISTRICT,GERALDTON SUBDISTRICT,DEEPDALE
MID WEST-GASCOYNE DISTRICT,GERALDTON SUBDISTRICT,DRUMMOND COVE
MID WEST-GASCOYNE DISTRICT,GERALDTON SUBDISTRICT,EAST CHAPMAN
MID WEST-GASCOYNE DISTRICT,GERALDTON SUBDISTRICT,ELLENDALE
MID WEST-GASCOYNE DISTRICT,GERALDTON SUBDISTRICT,ERADU
MID WEST-GASCOYNE DISTRICT,GERALDTON SUBDISTRICT,ERADU SOUTH
MID WEST-GASCOYNE DISTRICT,GERALDTON SUBDISTRICT,GEORGINA
MID WEST-GASCOYNE DISTRICT,GERALDTON SUBDISTRICT,GERALDTON
MID WEST-GASCOYNE DISTRICT,GERALDTON SUBDISTRICT,GLENFIELD
MID WEST-GASCOYNE DISTRICT,GERALDTON SUBDISTRICT,GREENOUGH
MID WEST-GASCOYNE DISTRICT,GERALDTON SUBDISTRICT,HOUTMAN ABROLHOS
MID WEST-GASCOYNE DISTRICT,GERALDTON SUBDISTRICT,HOWATHARRA
MID WEST-GASCOYNE DISTRICT,GERALDTON SUBDISTRICT,KARLOO
MID WEST-GASCOYNE DISTRICT,GERALDTON SUBDISTRICT,KOJARENA
MID WEST-GASCOYNE DISTRICT,GERALDTON SUBDISTRICT,MAHOMETS FLATS
MID WEST-GASCOYNE DISTRICT,GERALDTON SUBDISTRICT,MERU
MID WEST-GASCOYNE DISTRICT,GERALDTON SUBDISTRICT,MINNENOOKA
MID WEST-GASCOYNE DISTRICT,GERALDTON SUBDISTRICT,MOONYOONOOKA
MID WEST-GASCOYNE DISTRICT,GERALDTON SUBDISTRICT,MORESBY
MID WEST-GASCOYNE DISTRICT,GERALDTON SUBDISTRICT,MOUNT HILL
MID WEST-GASCOYNE DISTRICT,GERALDTON SUBDISTRICT,MOUNT TARCOOLA
MID WEST-GASCOYNE DISTRICT,GERALDTON SUBDISTRICT,NARNGULU
MID WEST-GASCOYNE DISTRICT,GERALDTON SUBDISTRICT,NARRA TARRA
MID WEST-GASCOYNE DISTRICT,GERALDTON SUBDISTRICT,NORTHERN GULLY
MID WEST-GASCOYNE DISTRICT,GERALDTON SUBDISTRICT,OAKAJEE
MID WEST-GASCOYNE DISTRICT,GERALDTON SUBDISTRICT,RANGEWAY
MID WEST-GASCOYNE DISTRICT,GERALDTON SUBDISTRICT,RUDDS GULLY
MID WEST-GASCOYNE DISTRICT,GERALDTON SUBDISTRICT,SANDSPRINGS
MID WEST-GASCOYNE DISTRICT,GERALDTON SUBDISTRICT,SOUTH GREENOUGH
MID WEST-GASCOYNE DISTRICT,GERALDTON SUBDISTRICT,SPALDING
MID WEST-GASCOYNE DISTRICT,GERALDTON SUBDISTRICT,STRATHALBYN
MID WEST-GASCOYNE DISTRICT,GERALDTON SUBDISTRICT,SUNSET BEACH
MID WEST-GASCOYNE DISTRICT,GERALDTON SUBDISTRICT,TARCOOLA BEACH
MID WEST-GASCOYNE DISTRICT,GERALDTON SUBDISTRICT,TIBRADDEN
MID WEST-GASCOYNE DISTRICT,GERALDTON SUBDISTRICT,UTAKARRA
MID WEST-GASCOYNE DISTRICT,GERALDTON SUBDISTRICT,WAGGRAKINE
MID WEST-GASCOYNE DISTRICT,GERALDTON SUBDISTRICT,WALKAWAY
MID WEST-GASCOYNE DISTRICT,GERALDTON SUBDISTRICT,WANDINA
MID WEST-GASCOYNE DISTRICT,GERALDTON SUBDISTRICT,WEBBERTON
MID WEST-GASCOYNE DISTRICT,GERALDTON SUBDISTRICT,WEST END
MID WEST-GASCOYNE DISTRICT,GERALDTON SUBDISTRICT,WHITE PEAK
MID WEST-GASCOYNE DISTRICT,GERALDTON SUBDISTRICT,WICHERINA
MID WEST-GASCOYNE DISTRICT,GERALDTON SUBDISTRICT,WICHERINA SOUTH
MID WEST-GASCOYNE DISTRICT,GERALDTON SUBDISTRICT,WONTHELLA
MID WEST-GASCOYNE DISTRICT,GERALDTON SUBDISTRICT,WOORREE
MID WEST-GASCOYNE DISTRICT,GERALDTON SUBDISTRICT,YETNA
MID WEST-GASCOYNE DISTRICT,SHARKBAY SUBDISTRICT,CARRARANG
MID WEST-GASCOYNE DISTRICT,SHARKBAY SUBDISTRICT,COBURN
MID WEST-GASCOYNE DISTRICT,SHARKBAY SUBDISTRICT,DENHAM
MID WEST-GASCOYNE DISTRICT,SHARKBAY SUBDISTRICT,DIRK HARTOG ISLAND
MID WEST-GASCOYNE DISTRICT,SHARKBAY SUBDISTRICT,FRANCOIS PERON NATIONAL PARK
MID WEST-GASCOYNE DISTRICT,SHARKBAY SUBDISTRICT,GILROYD
MID WEST-GASCOYNE DISTRICT,SHARKBAY SUBDISTRICT,HAMELIN POOL
MID WEST-GASCOYNE DISTRICT,SHARKBAY SUBDISTRICT,MEADOW
MID WEST-GASCOYNE DISTRICT,SHARKBAY SUBDISTRICT,MONKEY MIA
MID WEST-GASCOYNE DISTRICT,SHARKBAY SUBDISTRICT,NANGA
MID WEST-GASCOYNE DISTRICT,SHARKBAY SUBDISTRICT,NERREN NERREN
MID WEST-GASCOYNE DISTRICT,SHARKBAY SUBDISTRICT,SHARK BAY
MID WEST-GASCOYNE DISTRICT,SHARKBAY SUBDISTRICT,TALISKER
MID WEST-GASCOYNE DISTRICT,SHARKBAY SUBDISTRICT,TAMALA
MID WEST-GASCOYNE DISTRICT,SHARKBAY SUBDISTRICT,TOOLONGA
MID WEST-GASCOYNE DISTRICT,SHARKBAY SUBDISTRICT,USELESS LOOP
MID WEST-GASCOYNE DISTRICT,SHARKBAY SUBDISTRICT,WOODLEIGH
MID WEST-GASCOYNE DISTRICT,SHARKBAY SUBDISTRICT,YALARDY
MID WEST-GASCOYNE DISTRICT,JURIENBAY SUBDISTRICT,CERVANTES
MID WEST-GASCOYNE DISTRICT,JURIENBAY SUBDISTRICT,COOLJARLOO
MID WEST-GASCOYNE DISTRICT,JURIENBAY SUBDISTRICT,GREY
MID WEST-GASCOYNE DISTRICT,JURIENBAY SUBDISTRICT,HILL RIVER
MID WEST-GASCOYNE DISTRICT,JURIENBAY SUBDISTRICT,JURIEN BAY
MID WEST-GASCOYNE DISTRICT,JURIENBAY SUBDISTRICT,MIMEGARRA
MID WEST-GASCOYNE DISTRICT,JURIENBAY SUBDISTRICT,NAMBUNG
MID WEST-GASCOYNE DISTRICT,JURIENBAY SUBDISTRICT,WEDGE ISLAND
MID WEST-GASCOYNE DISTRICT,THREESPRINGS SUBDISTRICT,ARROWSMITH EAST
MID WEST-GASCOYNE DISTRICT,THREESPRINGS SUBDISTRICT,DUDAWA
MID WEST-GASCOYNE DISTRICT,THREESPRINGS SUBDISTRICT,KADATHINNI
MID WEST-GASCOYNE DISTRICT,THREESPRINGS SUBDISTRICT,THREE SPRINGS
MID WEST-GASCOYNE DISTRICT,THREESPRINGS SUBDISTRICT,WOMARDEN
MID WEST-GASCOYNE DISTRICT,KALBARRI SUBDISTRICT,KALBARRI NATIONAL PARK
MID WEST-GASCOYNE DISTRICT,KALBARRI SUBDISTRICT,ZUYTDORP
MID WEST-GASCOYNE DISTRICT,YALGOO SUBDISTRICT,SOUTH MURCHISON
MID WEST-GASCOYNE DISTRICT,YALGOO SUBDISTRICT,YALGOO
MID WEST-GASCOYNE DISTRICT,LEEMAN SUBDISTRICT,GREEN HEAD
MID WEST-GASCOYNE DISTRICT,LEEMAN SUBDISTRICT,LEEMAN
MID WEST-GASCOYNE DISTRICT,LEEMAN SUBDISTRICT,WARRADARGE
MID WEST-GASCOYNE DISTRICT,MEEKATHARRA SUBDISTRICT,KARALUNDI
MID WEST-GASCOYNE DISTRICT,MEEKATHARRA SUBDISTRICT,KUMARINA
MID WEST-GASCOYNE DISTRICT,MEEKATHARRA SUBDISTRICT,MEEKATHARRA
MID WEST-GASCOYNE DISTRICT,MEEKATHARRA SUBDISTRICT,MURCHISON
MID WEST-GASCOYNE DISTRICT,MEEKATHARRA SUBDISTRICT,PEAK HILL
PILBARA DISTRICT,SOUTHHEDLAND SUBDISTRICT,DE GREY
PILBARA DISTRICT,SOUTHHEDLAND SUBDISTRICT,FINUCANE
PILBARA DISTRICT,SOUTHHEDLAND SUBDISTRICT,INDEE
PILBARA DISTRICT,SOUTHHEDLAND SUBDISTRICT,MUNDABULLANGANA
PILBARA DISTRICT,SOUTHHEDLAND SUBDISTRICT,PARDOO
PILBARA DISTRICT,SOUTHHEDLAND SUBDISTRICT,PIPPINGARRA
PILBARA DISTRICT,SOUTHHEDLAND SUBDISTRICT,SOUTH HEDLAND
PILBARA DISTRICT,SOUTHHEDLAND SUBDISTRICT,STRELLEY
PILBARA DISTRICT,SOUTHHEDLAND SUBDISTRICT,WALLAREENYA
PILBARA DISTRICT,SOUTHHEDLAND SUBDISTRICT,WEDGEFIELD
PILBARA DISTRICT,JIGALONGMFPF SUBDISTRICT,KUNAWARRITJI
PILBARA DISTRICT,JIGALONGMFPF SUBDISTRICT,PARNNGURR
PILBARA DISTRICT,JIGALONGMFPF SUBDISTRICT,PUNMU
PILBARA DISTRICT,TOMPRICE SUBDISTRICT,MOUNT SHEILA
PILBARA DISTRICT,TOMPRICE SUBDISTRICT,MULGA DOWNS
PILBARA DISTRICT,TOMPRICE SUBDISTRICT,TOM PRICE
PILBARA DISTRICT,TOMPRICE SUBDISTRICT,WITTENOOM
PILBARA DISTRICT,KARRATHA SUBDISTRICT,BULGARRA
PILBARA DISTRICT,KARRATHA SUBDISTRICT,GAP RIDGE
PILBARA DISTRICT,KARRATHA SUBDISTRICT,KARRATHA
PILBARA DISTRICT,KARRATHA SUBDISTRICT,KARRATHA INDUSTRIAL ESTATE
PILBARA DISTRICT,KARRATHA SUBDISTRICT,MILLARS WELL
PILBARA DISTRICT,KARRATHA SUBDISTRICT,MULATAGA
PILBARA DISTRICT,KARRATHA SUBDISTRICT,NICKOL
PILBARA DISTRICT,KARRATHA SUBDISTRICT,PEGS CREEK
PILBARA DISTRICT,KARRATHA SUBDISTRICT,STOVE HILL
PILBARA DISTRICT,MARBLEBAR SUBDISTRICT,TELFER
PILBARA DISTRICT,NEWMAN SUBDISTRICT,CAPRICORN
PILBARA DISTRICT,NEWMAN SUBDISTRICT,JUNA DOWNS
PILBARA DISTRICT,NEWMAN SUBDISTRICT,NEWMAN
PILBARA DISTRICT,ONSLOW SUBDISTRICT,PEEDAMULLA
PILBARA DISTRICT,ONSLOW SUBDISTRICT,TALANDJI
PILBARA DISTRICT,ONSLOW SUBDISTRICT,YANNARIE
PILBARA DISTRICT,PANNAWONICA SUBDISTRICT,FORTESCUE
PILBARA DISTRICT,PANNAWONICA SUBDISTRICT,HAMERSLEY RANGE
PILBARA DISTRICT,PANNAWONICA SUBDISTRICT,PANNAWONICA
PILBARA DISTRICT,PARABURDOO SUBDISTRICT,NANUTARRA
PILBARA DISTRICT,PARABURDOO SUBDISTRICT,PARABURDOO
PILBARA DISTRICT,PARABURDOO SUBDISTRICT,ROCKLEA
PILBARA DISTRICT,PORTHEDLAND SUBDISTRICT,REDBANK
PILBARA DISTRICT,DAMPIER SUBDISTRICT,BURRUP
PILBARA DISTRICT,DAMPIER SUBDISTRICT,DAMPIER
PILBARA DISTRICT,DAMPIER SUBDISTRICT,DAMPIER ARCHIPELAGO
PILBARA DISTRICT,DAMPIER SUBDISTRICT,GNOOREA
PILBARA DISTRICT,DAMPIER SUBDISTRICT,MARDIE
PILBARA DISTRICT,ROEBOURNE SUBDISTRICT,BALLA BALLA
PILBARA DISTRICT,ROEBOURNE SUBDISTRICT,CHICHESTER
PILBARA DISTRICT,ROEBOURNE SUBDISTRICT,CLEAVERVILLE
PILBARA DISTRICT,ROEBOURNE SUBDISTRICT,COOYA POOYA
PILBARA DISTRICT,ROEBOURNE SUBDISTRICT,COSSACK
PILBARA DISTRICT,ROEBOURNE SUBDISTRICT,MAITLAND
PILBARA DISTRICT,ROEBOURNE SUBDISTRICT,MILLSTREAM
PILBARA DISTRICT,ROEBOURNE SUBDISTRICT,MOUNT ANKETELL
PILBARA DISTRICT,ROEBOURNE SUBDISTRICT,POINT SAMSON
PILBARA DISTRICT,ROEBOURNE SUBDISTRICT,ROEBOURNE
PILBARA DISTRICT,ROEBOURNE SUBDISTRICT,SHERLOCK
PILBARA DISTRICT,ROEBOURNE SUBDISTRICT,WHIM CREEK
PILBARA DISTRICT,ROEBOURNE SUBDISTRICT,WICKHAM
PILBARA DISTRICT,EXMOUTH SUBDISTRICT,CORAL BAY
PILBARA DISTRICT,EXMOUTH SUBDISTRICT,EXMOUTH
PILBARA DISTRICT,EXMOUTH SUBDISTRICT,EXMOUTH GULF
PILBARA DISTRICT,EXMOUTH SUBDISTRICT,LEARMONTH
PILBARA DISTRICT,EXMOUTH SUBDISTRICT,NINGALOO
PILBARA DISTRICT,EXMOUTH SUBDISTRICT,NORTH WEST CAPE
SOUTH WEST DISTRICT,DUNSBOROUGH SUBDISTRICT,DUNSBOROUGH
SOUTH WEST DISTRICT,DUNSBOROUGH SUBDISTRICT,EAGLE BAY
SOUTH WEST DISTRICT,DUNSBOROUGH SUBDISTRICT,KEALY
SOUTH WEST DISTRICT,DUNSBOROUGH SUBDISTRICT,MARYBROOK
SOUTH WEST DISTRICT,DUNSBOROUGH SUBDISTRICT,METRICUP
SOUTH WEST DISTRICT,DUNSBOROUGH SUBDISTRICT,NATURALISTE
SOUTH WEST DISTRICT,DUNSBOROUGH SUBDISTRICT,QUEDJINUP
SOUTH WEST DISTRICT,DUNSBOROUGH SUBDISTRICT,QUINDALUP
SOUTH WEST DISTRICT,DUNSBOROUGH SUBDISTRICT,SIESTA PARK
SOUTH WEST DISTRICT,DUNSBOROUGH SUBDISTRICT,WILYABRUP
SOUTH WEST DISTRICT,DUNSBOROUGH SUBDISTRICT,YALLINGUP
SOUTH WEST DISTRICT,DUNSBOROUGH SUBDISTRICT,YALLINGUP SIDING
SOUTH WEST DISTRICT,DUNSBOROUGH SUBDISTRICT,YELVERTON
SOUTH WEST DISTRICT,HARVEY SUBDISTRICT,COOKERNUP
SOUTH WEST DISTRICT,HARVEY SUBDISTRICT,HARVEY
SOUTH WEST DISTRICT,HARVEY SUBDISTRICT,HOFFMAN
SOUTH WEST DISTRICT,HARVEY SUBDISTRICT,MORNINGTON
SOUTH WEST DISTRICT,HARVEY SUBDISTRICT,MYALUP
SOUTH WEST DISTRICT,HARVEY SUBDISTRICT,UDUC
SOUTH WEST DISTRICT,HARVEY SUBDISTRICT,WARAWARRUP
SOUTH WEST DISTRICT,HARVEY SUBDISTRICT,WOKALUP
SOUTH WEST DISTRICT,AUGUSTA SUBDISTRICT,ALEXANDRA BRIDGE
SOUTH WEST DISTRICT,AUGUSTA SUBDISTRICT,AUGUSTA
SOUTH WEST DISTRICT,AUGUSTA SUBDISTRICT,COURTENAY
SOUTH WEST DISTRICT,AUGUSTA SUBDISTRICT,DEEPDENE
SOUTH WEST DISTRICT,AUGUSTA SUBDISTRICT,EAST AUGUSTA
SOUTH WEST DISTRICT,AUGUSTA SUBDISTRICT,HAMELIN BAY
SOUTH WEST DISTRICT,AUGUSTA SUBDISTRICT,KARRIDALE
SOUTH WEST DISTRICT,AUGUSTA SUBDISTRICT,KUDARDUP
SOUTH WEST DISTRICT,AUGUSTA SUBDISTRICT,LEEUWIN
SOUTH WEST DISTRICT,AUGUSTA SUBDISTRICT,MOLLOY ISLAND
SOUTH WEST DISTRICT,AUGUSTA SUBDISTRICT,SCOTT RIVER
SOUTH WEST DISTRICT,MANJIMUP SUBDISTRICT,DEANMILL
SOUTH WEST DISTRICT,MANJIMUP SUBDISTRICT,DINGUP
SOUTH WEST DISTRICT,MANJIMUP SUBDISTRICT,DIXVALE
SOUTH WEST DISTRICT,MANJIMUP SUBDISTRICT,GLENORAN
SOUTH WEST DISTRICT,MANJIMUP SUBDISTRICT,JARDEE
SOUTH WEST DISTRICT,MANJIMUP SUBDISTRICT,LAKE MUIR
SOUTH WEST DISTRICT,MANJIMUP SUBDISTRICT,LINFARNE
SOUTH WEST DISTRICT,MANJIMUP SUBDISTRICT,MANJIMUP
SOUTH WEST DISTRICT,MANJIMUP SUBDISTRICT,MIDDLESEX
SOUTH WEST DISTRICT,MANJIMUP SUBDISTRICT,MORDALUP
SOUTH WEST DISTRICT,MANJIMUP SUBDISTRICT,PALGARUP
SOUTH WEST DISTRICT,MANJIMUP SUBDISTRICT,PERUP
SOUTH WEST DISTRICT,MANJIMUP SUBDISTRICT,QUINNINUP
SOUTH WEST DISTRICT,MANJIMUP SUBDISTRICT,RINGBARK
SOUTH WEST DISTRICT,MANJIMUP SUBDISTRICT,SMITH BROOK
SOUTH WEST DISTRICT,MANJIMUP SUBDISTRICT,UPPER WARREN
SOUTH WEST DISTRICT,MANJIMUP SUBDISTRICT,WILGARRUP
SOUTH WEST DISTRICT,MANJIMUP SUBDISTRICT,YANMAH
SOUTH WEST DISTRICT,AUSTRALIND SUBDISTRICT,AUSTRALIND
SOUTH WEST DISTRICT,AUSTRALIND SUBDISTRICT,BEELA
SOUTH WEST DISTRICT,AUSTRALIND SUBDISTRICT,BINNINGUP
SOUTH WEST DISTRICT,AUSTRALIND SUBDISTRICT,BRUNSWICK
SOUTH WEST DISTRICT,AUSTRALIND SUBDISTRICT,BUREKUP
SOUTH WEST DISTRICT,AUSTRALIND SUBDISTRICT,EATON
SOUTH WEST DISTRICT,AUSTRALIND SUBDISTRICT,LESCHENAULT
SOUTH WEST DISTRICT,AUSTRALIND SUBDISTRICT,MILLBRIDGE
SOUTH WEST DISTRICT,AUSTRALIND SUBDISTRICT,PARKFIELD
SOUTH WEST DISTRICT,AUSTRALIND SUBDISTRICT,ROELANDS
SOUTH WEST DISTRICT,AUSTRALIND SUBDISTRICT,WATERLOO
SOUTH WEST DISTRICT,AUSTRALIND SUBDISTRICT,WELLESLEY
SOUTH WEST DISTRICT,MARGARETRIVER SUBDISTRICT,BORANUP
SOUTH WEST DISTRICT,MARGARETRIVER SUBDISTRICT,BRAMLEY
SOUTH WEST DISTRICT,MARGARETRIVER SUBDISTRICT,BURNSIDE
SOUTH WEST DISTRICT,MARGARETRIVER SUBDISTRICT,COWARAMUP
SOUTH WEST DISTRICT,MARGARETRIVER SUBDISTRICT,FOREST GROVE
SOUTH WEST DISTRICT,MARGARETRIVER SUBDISTRICT,GNARABUP
SOUTH WEST DISTRICT,MARGARETRIVER SUBDISTRICT,GRACETOWN
SOUTH WEST DISTRICT,MARGARETRIVER SUBDISTRICT,MARGARET RIVER
SOUTH WEST DISTRICT,MARGARETRIVER SUBDISTRICT,NILLUP
SOUTH WEST DISTRICT,MARGARETRIVER SUBDISTRICT,OSMINGTON
SOUTH WEST DISTRICT,MARGARETRIVER SUBDISTRICT,PREVELLY
SOUTH WEST DISTRICT,MARGARETRIVER SUBDISTRICT,REDGATE
SOUTH WEST DISTRICT,MARGARETRIVER SUBDISTRICT,ROSA BROOK
SOUTH WEST DISTRICT,MARGARETRIVER SUBDISTRICT,ROSA GLEN
SOUTH WEST DISTRICT,MARGARETRIVER SUBDISTRICT,SCHROEDER
SOUTH WEST DISTRICT,MARGARETRIVER SUBDISTRICT,TREETON
SOUTH WEST DISTRICT,MARGARETRIVER SUBDISTRICT,WARNER GLEN
SOUTH WEST DISTRICT,MARGARETRIVER SUBDISTRICT,WITCHCLIFFE
SOUTH WEST DISTRICT,BOYUPBROOK SUBDISTRICT,BOYUP BROOK
SOUTH WEST DISTRICT,BOYUPBROOK SUBDISTRICT,CHOWERUP
SOUTH WEST DISTRICT,BOYUPBROOK SUBDISTRICT,DINNINUP
SOUTH WEST DISTRICT,BOYUPBROOK SUBDISTRICT,KULIKUP
SOUTH WEST DISTRICT,BOYUPBROOK SUBDISTRICT,MAYANUP
SOUTH WEST DISTRICT,BOYUPBROOK SUBDISTRICT,MCALINDEN
SOUTH WEST DISTRICT,BOYUPBROOK SUBDISTRICT,SCOTTS BROOK
SOUTH WEST DISTRICT,BOYUPBROOK SUBDISTRICT,TONEBRIDGE
SOUTH WEST DISTRICT,BOYUPBROOK SUBDISTRICT,WILGA
SOUTH WEST DISTRICT,NANNUP SUBDISTRICT,BIDDELIA
SOUTH WEST DISTRICT,NANNUP SUBDISTRICT,CARLOTTA
SOUTH WEST DISTRICT,NANNUP SUBDISTRICT,CUNDINUP
SOUTH WEST DISTRICT,NANNUP SUBDISTRICT,DARRADUP
SOUTH WEST DISTRICT,NANNUP SUBDISTRICT,DONNELLY RIVER
SOUTH WEST DISTRICT,NANNUP SUBDISTRICT,EAST NANNUP
SOUTH WEST DISTRICT,NANNUP SUBDISTRICT,JALBARRAGUP
SOUTH WEST DISTRICT,NANNUP SUBDISTRICT,LAKE JASPER
SOUTH WEST DISTRICT,NANNUP SUBDISTRICT,NANNUP
SOUTH WEST DISTRICT,NANNUP SUBDISTRICT,PEERABEELUP
SOUTH WEST DISTRICT,NANNUP SUBDISTRICT,SCOTT RIVER EAST
SOUTH WEST DISTRICT,BRIDGETOWN SUBDISTRICT,CATTERICK
SOUTH WEST DISTRICT,BRIDGETOWN SUBDISTRICT,GLENLYNN
SOUTH WEST DISTRICT,BRIDGETOWN SUBDISTRICT,GREENBUSHES
SOUTH WEST DISTRICT,BRIDGETOWN SUBDISTRICT,HESTER
SOUTH WEST DISTRICT,BRIDGETOWN SUBDISTRICT,HESTER BROOK
SOUTH WEST DISTRICT,BRIDGETOWN SUBDISTRICT,KANGAROO GULLY
SOUTH WEST DISTRICT,BRIDGETOWN SUBDISTRICT,KINGSTON
SOUTH WEST DISTRICT,BRIDGETOWN SUBDISTRICT,MARANUP
SOUTH WEST DISTRICT,BRIDGETOWN SUBDISTRICT,NORTH GREENBUSHES
SOUTH WEST DISTRICT,BRIDGETOWN SUBDISTRICT,SUNNYSIDE
SOUTH WEST DISTRICT,BRIDGETOWN SUBDISTRICT,WANDILLUP
SOUTH WEST DISTRICT,BRIDGETOWN SUBDISTRICT,WINNEJUP
SOUTH WEST DISTRICT,BRIDGETOWN SUBDISTRICT,YORNUP
SOUTH WEST DISTRICT,PEMBERTON SUBDISTRICT,BOORARA BROOK
SOUTH WEST DISTRICT,PEMBERTON SUBDISTRICT,CALLCUP
SOUTH WEST DISTRICT,PEMBERTON SUBDISTRICT,CHANNYBEARUP
SOUTH WEST DISTRICT,PEMBERTON SUBDISTRICT,COLLINS
SOUTH WEST DISTRICT,PEMBERTON SUBDISTRICT,CROWEA
SOUTH WEST DISTRICT,PEMBERTON SUBDISTRICT,DIAMOND TREE
SOUTH WEST DISTRICT,PEMBERTON SUBDISTRICT,EASTBROOK
SOUTH WEST DISTRICT,PEMBERTON SUBDISTRICT,MEERUP
SOUTH WEST DISTRICT,PEMBERTON SUBDISTRICT,NORTHCLIFFE
SOUTH WEST DISTRICT,PEMBERTON SUBDISTRICT,PEMBERTON
SOUTH WEST DISTRICT,PEMBERTON SUBDISTRICT,SHANNON
SOUTH WEST DISTRICT,PEMBERTON SUBDISTRICT,WINDY HARBOUR
SOUTH WEST DISTRICT,PEMBERTON SUBDISTRICT,YEAGARUP
SOUTH WEST DISTRICT,BUNBURY SUBDISTRICT,CAREY PARK
SOUTH WEST DISTRICT,BUNBURY SUBDISTRICT,COLLEGE GROVE
SOUTH WEST DISTRICT,BUNBURY SUBDISTRICT,DALYELLUP
SOUTH WEST DISTRICT,BUNBURY SUBDISTRICT,DAVENPORT
SOUTH WEST DISTRICT,BUNBURY SUBDISTRICT,EAST BUNBURY
SOUTH WEST DISTRICT,BUNBURY SUBDISTRICT,GELORUP
SOUTH WEST DISTRICT,BUNBURY SUBDISTRICT,GLEN IRIS
SOUTH WEST DISTRICT,BUNBURY SUBDISTRICT,NORTH BOYANUP
SOUTH WEST DISTRICT,BUNBURY SUBDISTRICT,PELICAN POINT
SOUTH WEST DISTRICT,BUNBURY SUBDISTRICT,PICTON
SOUTH WEST DISTRICT,BUNBURY SUBDISTRICT,PICTON EAST
SOUTH WEST DISTRICT,BUNBURY SUBDISTRICT,SOUTH BUNBURY
SOUTH WEST DISTRICT,BUNBURY SUBDISTRICT,USHER
SOUTH WEST DISTRICT,BUNBURY SUBDISTRICT,VITTORIA
SOUTH WEST DISTRICT,BUNBURY SUBDISTRICT,WITHERS
SOUTH WEST DISTRICT,WAROONA SUBDISTRICT,LAKE CLIFTON
SOUTH WEST DISTRICT,WAROONA SUBDISTRICT,NANGA BROOK
SOUTH WEST DISTRICT,WAROONA SUBDISTRICT,PRESTON BEACH
SOUTH WEST DISTRICT,WAROONA SUBDISTRICT,WAGERUP
SOUTH WEST DISTRICT,WAROONA SUBDISTRICT,WAROONA
SOUTH WEST DISTRICT,BUSSELTON SUBDISTRICT,ABBEY
SOUTH WEST DISTRICT,BUSSELTON SUBDISTRICT,ACTON PARK
SOUTH WEST DISTRICT,BUSSELTON SUBDISTRICT,AMBERGATE
SOUTH WEST DISTRICT,BUSSELTON SUBDISTRICT,BOALLIA
SOUTH WEST DISTRICT,BUSSELTON SUBDISTRICT,BOVELL
SOUTH WEST DISTRICT,BUSSELTON SUBDISTRICT,BROADWATER
SOUTH WEST DISTRICT,BUSSELTON SUBDISTRICT,BUSSELTON
SOUTH WEST DISTRICT,BUSSELTON SUBDISTRICT,CARBUNUP RIVER
SOUTH WEST DISTRICT,BUSSELTON SUBDISTRICT,CHAPMAN HILL
SOUTH WEST DISTRICT,BUSSELTON SUBDISTRICT,GEOGRAPHE
SOUTH WEST DISTRICT,BUSSELTON SUBDISTRICT,HITHERGREEN
SOUTH WEST DISTRICT,BUSSELTON SUBDISTRICT,JARRAHWOOD
SOUTH WEST DISTRICT,BUSSELTON SUBDISTRICT,JINDONG
SOUTH WEST DISTRICT,BUSSELTON SUBDISTRICT,KALGUP
SOUTH WEST DISTRICT,BUSSELTON SUBDISTRICT,KALOORUP
SOUTH WEST DISTRICT,BUSSELTON SUBDISTRICT,LUDLOW
SOUTH WEST DISTRICT,BUSSELTON SUBDISTRICT,NORTH JINDONG
SOUTH WEST DISTRICT,BUSSELTON SUBDISTRICT,REINSCOURT
SOUTH WEST DISTRICT,BUSSELTON SUBDISTRICT,RUABON
SOUTH WEST DISTRICT,BUSSELTON SUBDISTRICT,SABINA RIVER
SOUTH WEST DISTRICT,BUSSELTON SUBDISTRICT,TUTUNUP
SOUTH WEST DISTRICT,BUSSELTON SUBDISTRICT,VASSE
SOUTH WEST DISTRICT,BUSSELTON SUBDISTRICT,WALSALL
SOUTH WEST DISTRICT,BUSSELTON SUBDISTRICT,WEST BUSSELTON
SOUTH WEST DISTRICT,BUSSELTON SUBDISTRICT,WONNERUP
SOUTH WEST DISTRICT,BUSSELTON SUBDISTRICT,YALYALUP
SOUTH WEST DISTRICT,BUSSELTON SUBDISTRICT,YOGANUP
SOUTH WEST DISTRICT,BUSSELTON SUBDISTRICT,YOONGARILLUP
SOUTH WEST DISTRICT,CAPEL SUBDISTRICT,CAPEL
SOUTH WEST DISTRICT,CAPEL SUBDISTRICT,CAPEL RIVER
SOUTH WEST DISTRICT,CAPEL SUBDISTRICT,CROOKED BROOK
SOUTH WEST DISTRICT,CAPEL SUBDISTRICT,DARDANUP
SOUTH WEST DISTRICT,CAPEL SUBDISTRICT,DARDANUP WEST
SOUTH WEST DISTRICT,CAPEL SUBDISTRICT,ELGIN
SOUTH WEST DISTRICT,CAPEL SUBDISTRICT,FERGUSON
SOUTH WEST DISTRICT,CAPEL SUBDISTRICT,FORREST BEACH
SOUTH WEST DISTRICT,CAPEL SUBDISTRICT,HENTY
SOUTH WEST DISTRICT,CAPEL SUBDISTRICT,PARADISE
SOUTH WEST DISTRICT,CAPEL SUBDISTRICT,PEPPERMINT GROVE BEACH
SOUTH WEST DISTRICT,CAPEL SUBDISTRICT,STIRLING ESTATE
SOUTH WEST DISTRICT,CAPEL SUBDISTRICT,STRATHAM
SOUTH WEST DISTRICT,CAPEL SUBDISTRICT,THE PLAINS
SOUTH WEST DISTRICT,COLLIE SUBDISTRICT,BUCKINGHAM
SOUTH WEST DISTRICT,COLLIE SUBDISTRICT,CARDIFF
SOUTH WEST DISTRICT,COLLIE SUBDISTRICT,COLLIE
SOUTH WEST DISTRICT,COLLIE SUBDISTRICT,COLLIE BURN
SOUTH WEST DISTRICT,COLLIE SUBDISTRICT,HARRIS RIVER
SOUTH WEST DISTRICT,COLLIE SUBDISTRICT,LYALLS MILL
SOUTH WEST DISTRICT,COLLIE SUBDISTRICT,MUJA
SOUTH WEST DISTRICT,COLLIE SUBDISTRICT,MUNGALUP
SOUTH WEST DISTRICT,COLLIE SUBDISTRICT,PALMER
SOUTH WEST DISTRICT,COLLIE SUBDISTRICT,PRESTON SETTLEMENT
SOUTH WEST DISTRICT,COLLIE SUBDISTRICT,SHOTTS
SOUTH WEST DISTRICT,COLLIE SUBDISTRICT,WORSLEY
SOUTH WEST DISTRICT,COLLIE SUBDISTRICT,YOURDAMUNG LAKE
SOUTH WEST DISTRICT,DONNYBROOK SUBDISTRICT,BALINGUP
SOUTH WEST DISTRICT,DONNYBROOK SUBDISTRICT,BEELERUP
SOUTH WEST DISTRICT,DONNYBROOK SUBDISTRICT,BRAZIER
SOUTH WEST DISTRICT,DONNYBROOK SUBDISTRICT,BROOKHAMPTON
SOUTH WEST DISTRICT,DONNYBROOK SUBDISTRICT,CHARLEY CREEK
SOUTH WEST DISTRICT,DONNYBROOK SUBDISTRICT,DONNYBROOK
SOUTH WEST DISTRICT,DONNYBROOK SUBDISTRICT,GLEN MERVYN
SOUTH WEST DISTRICT,DONNYBROOK SUBDISTRICT,GRIMWADE
SOUTH WEST DISTRICT,DONNYBROOK SUBDISTRICT,KIRUP
SOUTH WEST DISTRICT,DONNYBROOK SUBDISTRICT,LOWDEN
SOUTH WEST DISTRICT,DONNYBROOK SUBDISTRICT,MULLALYUP
SOUTH WEST DISTRICT,DONNYBROOK SUBDISTRICT,MUMBALLUP
SOUTH WEST DISTRICT,DONNYBROOK SUBDISTRICT,NEWLANDS
SOUTH WEST DISTRICT,DONNYBROOK SUBDISTRICT,NOGGERUP
SOUTH WEST DISTRICT,DONNYBROOK SUBDISTRICT,PAYNEDALE
SOUTH WEST DISTRICT,DONNYBROOK SUBDISTRICT,QUEENWOOD
SOUTH WEST DISTRICT,DONNYBROOK SUBDISTRICT,SOUTHAMPTON
SOUTH WEST DISTRICT,DONNYBROOK SUBDISTRICT,THOMSON BROOK
SOUTH WEST DISTRICT,DONNYBROOK SUBDISTRICT,UPPER CAPEL
SOUTH WEST DISTRICT,DONNYBROOK SUBDISTRICT,WELLINGTON FOREST
SOUTH WEST DISTRICT,DONNYBROOK SUBDISTRICT,WELLINGTON MILL
SOUTH WEST DISTRICT,DONNYBROOK SUBDISTRICT,WILGA WEST
SOUTH WEST DISTRICT,DONNYBROOK SUBDISTRICT,YABBERUP
WHEATBELT DISTRICT,MUKINBUDIN SUBDISTRICT,BONNIE ROCK
WHEATBELT DISTRICT,MUKINBUDIN SUBDISTRICT,BOODAROCKIN
WHEATBELT DISTRICT,MUKINBUDIN SUBDISTRICT,BURRAN ROCK
WHEATBELT DISTRICT,MUKINBUDIN SUBDISTRICT,CHANDLER
WHEATBELT DISTRICT,MUKINBUDIN SUBDISTRICT,DANDANNING
WHEATBELT DISTRICT,MUKINBUDIN SUBDISTRICT,ELABBIN
WHEATBELT DISTRICT,MUKINBUDIN SUBDISTRICT,ELACHBUTTING
WHEATBELT DISTRICT,MUKINBUDIN SUBDISTRICT,KARLONING
WHEATBELT DISTRICT,MUKINBUDIN SUBDISTRICT,KWELKAN
WHEATBELT DISTRICT,MUKINBUDIN SUBDISTRICT,LAKE BROWN
WHEATBELT DISTRICT,MUKINBUDIN SUBDISTRICT,MUKINBUDIN
WHEATBELT DISTRICT,MUKINBUDIN SUBDISTRICT,NORTH WIALKI
WHEATBELT DISTRICT,MUKINBUDIN SUBDISTRICT,NUNGARIN
WHEATBELT DISTRICT,MUKINBUDIN SUBDISTRICT,TALGOMINE
WHEATBELT DISTRICT,MUKINBUDIN SUBDISTRICT,WARRACHUPPIN
WHEATBELT DISTRICT,MUKINBUDIN SUBDISTRICT,WARRALAKIN
WHEATBELT DISTRICT,MUKINBUDIN SUBDISTRICT,WATTONING
WHEATBELT DISTRICT,MUKINBUDIN SUBDISTRICT,WILGOYNE
WHEATBELT DISTRICT,CUNDERDIN SUBDISTRICT,GREENWOODS VALLEY
WHEATBELT DISTRICT,CUNDERDIN SUBDISTRICT,MECKERING
WHEATBELT DISTRICT,CUNDERDIN SUBDISTRICT,QUELAGETTING
WHEATBELT DISTRICT,CUNDERDIN SUBDISTRICT,WAEEL
WHEATBELT DISTRICT,CUNDERDIN SUBDISTRICT,WARDING EAST
WHEATBELT DISTRICT,CUNDERDIN SUBDISTRICT,WATERCARRIN
WHEATBELT DISTRICT,CUNDERDIN SUBDISTRICT,WYOLA WEST
WHEATBELT DISTRICT,CUNDERDIN SUBDISTRICT,YOUNDEGIN
WHEATBELT DISTRICT,NAREMBEEN SUBDISTRICT,MOUNT WALKER
WHEATBELT DISTRICT,NAREMBEEN SUBDISTRICT,NAREMBEEN
WHEATBELT DISTRICT,NAREMBEEN SUBDISTRICT,SOUTH KUMMININ
WHEATBELT DISTRICT,NAREMBEEN SUBDISTRICT,WADDERIN
WHEATBELT DISTRICT,NAREMBEEN SUBDISTRICT,WEST HOLLETON
WHEATBELT DISTRICT,NAREMBEEN SUBDISTRICT,WOOLOCUTTY
WHEATBELT DISTRICT,DALWALLINU SUBDISTRICT,DALWALLINU
WHEATBELT DISTRICT,DALWALLINU SUBDISTRICT,EAST DAMBORING
WHEATBELT DISTRICT,DALWALLINU SUBDISTRICT,GOODLANDS
WHEATBELT DISTRICT,DALWALLINU SUBDISTRICT,JIBBERDING
WHEATBELT DISTRICT,DALWALLINU SUBDISTRICT,KALANNIE
WHEATBELT DISTRICT,DALWALLINU SUBDISTRICT,MARNE
WHEATBELT DISTRICT,DALWALLINU SUBDISTRICT,MIAMOON
WHEATBELT DISTRICT,DALWALLINU SUBDISTRICT,NUGADONG
WHEATBELT DISTRICT,DALWALLINU SUBDISTRICT,PETRUDOR
WHEATBELT DISTRICT,DALWALLINU SUBDISTRICT,PITHARA
WHEATBELT DISTRICT,DALWALLINU SUBDISTRICT,WUBIN
WHEATBELT DISTRICT,DALWALLINU SUBDISTRICT,XANTIPPE
WHEATBELT DISTRICT,NORTHAM SUBDISTRICT,BURLONG
WHEATBELT DISTRICT,NORTHAM SUBDISTRICT,CLACKLINE
WHEATBELT DISTRICT,NORTHAM SUBDISTRICT,GRASS VALLEY
WHEATBELT DISTRICT,NORTHAM SUBDISTRICT,IRISHTOWN
WHEATBELT DISTRICT,NORTHAM SUBDISTRICT,JENNAPULLIN
WHEATBELT DISTRICT,NORTHAM SUBDISTRICT,KATRINE
WHEATBELT DISTRICT,NORTHAM SUBDISTRICT,MALABAINE
WHEATBELT DISTRICT,NORTHAM SUBDISTRICT,MEENAAR
WHEATBELT DISTRICT,NORTHAM SUBDISTRICT,MOKINE
WHEATBELT DISTRICT,NORTHAM SUBDISTRICT,MULUCKINE
WHEATBELT DISTRICT,NORTHAM SUBDISTRICT,MURESK
WHEATBELT DISTRICT,NORTHAM SUBDISTRICT,NORTHAM
WHEATBELT DISTRICT,NORTHAM SUBDISTRICT,SOUTHERN BROOK
WHEATBELT DISTRICT,NORTHAM SUBDISTRICT,SPENCERS BROOK
WHEATBELT DISTRICT,NORTHAM SUBDISTRICT,THROSSELL
WHEATBELT DISTRICT,DOWERIN SUBDISTRICT,HINDMARSH
WHEATBELT DISTRICT,DOWERIN SUBDISTRICT,KOOMBERKINE
WHEATBELT DISTRICT,DOWERIN SUBDISTRICT,MANMANNING
WHEATBELT DISTRICT,DOWERIN SUBDISTRICT,MINNIVALE
WHEATBELT DISTRICT,DOWERIN SUBDISTRICT,UCARTY
WHEATBELT DISTRICT,QUAIRADING SUBDISTRICT,BALKULING
WHEATBELT DISTRICT,QUAIRADING SUBDISTRICT,CUBBINE
WHEATBELT DISTRICT,QUAIRADING SUBDISTRICT,DANGIN
WHEATBELT DISTRICT,QUAIRADING SUBDISTRICT,DOODENANNING
WHEATBELT DISTRICT,QUAIRADING SUBDISTRICT,DULBELLING
WHEATBELT DISTRICT,QUAIRADING SUBDISTRICT,MOUNT STIRLING
WHEATBELT DISTRICT,QUAIRADING SUBDISTRICT,PANTAPIN
WHEATBELT DISTRICT,QUAIRADING SUBDISTRICT,QUAIRADING
WHEATBELT DISTRICT,QUAIRADING SUBDISTRICT,SOUTH QUAIRADING
WHEATBELT DISTRICT,QUAIRADING SUBDISTRICT,WAMENUSKING
WHEATBELT DISTRICT,QUAIRADING SUBDISTRICT,YOTING
WHEATBELT DISTRICT,GINGIN SUBDISTRICT,BEERMULLAH
WHEATBELT DISTRICT,GINGIN SUBDISTRICT,BINDOON
WHEATBELT DISTRICT,GINGIN SUBDISTRICT,BOONANARRING
WHEATBELT DISTRICT,GINGIN SUBDISTRICT,BREERA
WHEATBELT DISTRICT,GINGIN SUBDISTRICT,CHITTERING
WHEATBELT DISTRICT,GINGIN SUBDISTRICT,COONABIDGEE
WHEATBELT DISTRICT,GINGIN SUBDISTRICT,CULLALLA
WHEATBELT DISTRICT,GINGIN SUBDISTRICT,GINGIN
WHEATBELT DISTRICT,GINGIN SUBDISTRICT,GINGINUP
WHEATBELT DISTRICT,GINGIN SUBDISTRICT,GRANVILLE
WHEATBELT DISTRICT,GINGIN SUBDISTRICT,LENNARD BROOK
WHEATBELT DISTRICT,GINGIN SUBDISTRICT,LOWER CHITTERING
WHEATBELT DISTRICT,GINGIN SUBDISTRICT,MINDARRA
WHEATBELT DISTRICT,GINGIN SUBDISTRICT,MOGUMBER
WHEATBELT DISTRICT,GINGIN SUBDISTRICT,MOOLIABEENEE
WHEATBELT DISTRICT,GINGIN SUBDISTRICT,MOONDAH
WHEATBELT DISTRICT,GINGIN SUBDISTRICT,MOORE RIVER NATIONAL PARK
WHEATBELT DISTRICT,GINGIN SUBDISTRICT,MUCHEA
WHEATBELT DISTRICT,GINGIN SUBDISTRICT,MUCKENBURRA
WHEATBELT DISTRICT,GINGIN SUBDISTRICT,ORANGE SPRINGS
WHEATBELT DISTRICT,GINGIN SUBDISTRICT,RED GULLY
WHEATBELT DISTRICT,GINGIN SUBDISTRICT,WANNAMAL
WHEATBELT DISTRICT,GINGIN SUBDISTRICT,YEAL
WHEATBELT DISTRICT,SOUTHERNCROSS SUBDISTRICT,BULLFINCH
WHEATBELT DISTRICT,SOUTHERNCROSS SUBDISTRICT,CORINTHIA
WHEATBELT DISTRICT,SOUTHERNCROSS SUBDISTRICT,DULYALBIN
WHEATBELT DISTRICT,SOUTHERNCROSS SUBDISTRICT,ENNUIN
WHEATBELT DISTRICT,SOUTHERNCROSS SUBDISTRICT,GHOOLI
WHEATBELT DISTRICT,SOUTHERNCROSS SUBDISTRICT,HOLLETON
WHEATBELT DISTRICT,SOUTHERNCROSS SUBDISTRICT,KOOLYANOBBING
WHEATBELT DISTRICT,SOUTHERNCROSS SUBDISTRICT,LAKE DEBORAH
WHEATBELT DISTRICT,SOUTHERNCROSS SUBDISTRICT,MARVEL LOCH
WHEATBELT DISTRICT,SOUTHERNCROSS SUBDISTRICT,MOORINE ROCK
WHEATBELT DISTRICT,SOUTHERNCROSS SUBDISTRICT,MOUNT HAMPTON
WHEATBELT DISTRICT,SOUTHERNCROSS SUBDISTRICT,MOUNT HOLLAND
WHEATBELT DISTRICT,SOUTHERNCROSS SUBDISTRICT,MOUNT JACKSON
WHEATBELT DISTRICT,SOUTHERNCROSS SUBDISTRICT,MOUNT PALMER
WHEATBELT DISTRICT,SOUTHERNCROSS SUBDISTRICT,NORTH BODALLIN
WHEATBELT DISTRICT,SOUTHERNCROSS SUBDISTRICT,PARKER RANGE
WHEATBELT DISTRICT,SOUTHERNCROSS SUBDISTRICT,SKELETON ROCK
WHEATBELT DISTRICT,SOUTHERNCROSS SUBDISTRICT,SOUTH BODALLIN
WHEATBELT DISTRICT,SOUTHERNCROSS SUBDISTRICT,SOUTH YILGARN
WHEATBELT DISTRICT,SOUTHERNCROSS SUBDISTRICT,SOUTHERN CROSS
WHEATBELT DISTRICT,SOUTHERNCROSS SUBDISTRICT,TURKEY HILL
WHEATBELT DISTRICT,SOUTHERNCROSS SUBDISTRICT,YELLOWDINE
WHEATBELT DISTRICT,GOOMALLING SUBDISTRICT,GOOMALLING
WHEATBELT DISTRICT,GOOMALLING SUBDISTRICT,HULONGINE
WHEATBELT DISTRICT,GOOMALLING SUBDISTRICT,JENNACUBBINE
WHEATBELT DISTRICT,GOOMALLING SUBDISTRICT,KARRANADGIN
WHEATBELT DISTRICT,GOOMALLING SUBDISTRICT,KONNONGORRING
WHEATBELT DISTRICT,GOOMALLING SUBDISTRICT,MUMBERKINE
WHEATBELT DISTRICT,GOOMALLING SUBDISTRICT,ROSSMORE
WHEATBELT DISTRICT,GOOMALLING SUBDISTRICT,UCARTY WEST
WHEATBELT DISTRICT,GOOMALLING SUBDISTRICT,WALYORMOURING
WHEATBELT DISTRICT,GOOMALLING SUBDISTRICT,WONGAMINE
WHEATBELT DISTRICT,TOODYAY SUBDISTRICT,BINDOON TRAINING AREA
WHEATBELT DISTRICT,TOODYAY SUBDISTRICT,BOLGART
WHEATBELT DISTRICT,TOODYAY SUBDISTRICT,COONDLE
WHEATBELT DISTRICT,TOODYAY SUBDISTRICT,CULHAM
WHEATBELT DISTRICT,TOODYAY SUBDISTRICT,DEWARS POOL
WHEATBELT DISTRICT,TOODYAY SUBDISTRICT,DUMBARTON
WHEATBELT DISTRICT,TOODYAY SUBDISTRICT,HODDYS WELL
WHEATBELT DISTRICT,TOODYAY SUBDISTRICT,JULIMAR
WHEATBELT DISTRICT,TOODYAY SUBDISTRICT,MOONDYNE
WHEATBELT DISTRICT,TOODYAY SUBDISTRICT,MORANGUP
WHEATBELT DISTRICT,TOODYAY SUBDISTRICT,NUNILE
WHEATBELT DISTRICT,TOODYAY SUBDISTRICT,TOODYAY
WHEATBELT DISTRICT,TOODYAY SUBDISTRICT,WATTENING
WHEATBELT DISTRICT,TOODYAY SUBDISTRICT,WEST TOODYAY
WHEATBELT DISTRICT,KELLERBERRIN SUBDISTRICT,DAADENNING CREEK
WHEATBELT DISTRICT,KELLERBERRIN SUBDISTRICT,DOODLAKINE
WHEATBELT DISTRICT,KELLERBERRIN SUBDISTRICT,KELLERBERRIN
WHEATBELT DISTRICT,KELLERBERRIN SUBDISTRICT,MOUNT CAROLINE
WHEATBELT DISTRICT,KELLERBERRIN SUBDISTRICT,NORTH BAANDEE
WHEATBELT DISTRICT,KELLERBERRIN SUBDISTRICT,NORTH KELLERBERRIN
WHEATBELT DISTRICT,KELLERBERRIN SUBDISTRICT,NORTH TAMMIN
WHEATBELT DISTRICT,KELLERBERRIN SUBDISTRICT,SOUTH DOODLAKINE
WHEATBELT DISTRICT,KELLERBERRIN SUBDISTRICT,SOUTH TAMMIN
WHEATBELT DISTRICT,KELLERBERRIN SUBDISTRICT,TAMMIN
WHEATBELT DISTRICT,WONGANHILLS SUBDISTRICT,BURAKIN
WHEATBELT DISTRICT,WONGANHILLS SUBDISTRICT,CADOUX
WHEATBELT DISTRICT,WONGANHILLS SUBDISTRICT,CALINGIRI
WHEATBELT DISTRICT,WONGANHILLS SUBDISTRICT,CARANI
WHEATBELT DISTRICT,WONGANHILLS SUBDISTRICT,EAST BALLIDU
WHEATBELT DISTRICT,WONGANHILLS SUBDISTRICT,GLENTROMIE
WHEATBELT DISTRICT,WONGANHILLS SUBDISTRICT,KONDUT
WHEATBELT DISTRICT,WONGANHILLS SUBDISTRICT,LAKE HINDS
WHEATBELT DISTRICT,WONGANHILLS SUBDISTRICT,LAKE NINAN
WHEATBELT DISTRICT,WONGANHILLS SUBDISTRICT,MOCARDY
WHEATBELT DISTRICT,WONGANHILLS SUBDISTRICT,NEW NORCIA
WHEATBELT DISTRICT,WONGANHILLS SUBDISTRICT,OLD PLAINS
WHEATBELT DISTRICT,WONGANHILLS SUBDISTRICT,PIAWANING
WHEATBELT DISTRICT,WONGANHILLS SUBDISTRICT,WEST BALLIDU
WHEATBELT DISTRICT,WONGANHILLS SUBDISTRICT,WONGAN HILLS
WHEATBELT DISTRICT,WONGANHILLS SUBDISTRICT,WYENING
WHEATBELT DISTRICT,WONGANHILLS SUBDISTRICT,YARAWINDAH
WHEATBELT DISTRICT,WONGANHILLS SUBDISTRICT,YERECOIN
WHEATBELT DISTRICT,KOORDA SUBDISTRICT,BOORALAMING
WHEATBELT DISTRICT,KOORDA SUBDISTRICT,DUKIN
WHEATBELT DISTRICT,KOORDA SUBDISTRICT,KOORDA
WHEATBELT DISTRICT,KOORDA SUBDISTRICT,KULJA
WHEATBELT DISTRICT,KOORDA SUBDISTRICT,LAKE MARGARETTE
WHEATBELT DISTRICT,KOORDA SUBDISTRICT,MOLLERIN
WHEATBELT DISTRICT,KOORDA SUBDISTRICT,NEWCARLBEON
WHEATBELT DISTRICT,WUNDOWIE SUBDISTRICT,COPLEY
WHEATBELT DISTRICT,WUNDOWIE SUBDISTRICT,WOOTTATING
WHEATBELT DISTRICT,WUNDOWIE SUBDISTRICT,WUNDOWIE
WHEATBELT DISTRICT,LANCELIN SUBDISTRICT,CARABAN
WHEATBELT DISTRICT,LANCELIN SUBDISTRICT,COWALLA
WHEATBELT DISTRICT,LANCELIN SUBDISTRICT,GABBADAH
WHEATBELT DISTRICT,LANCELIN SUBDISTRICT,GUILDERTON
WHEATBELT DISTRICT,LANCELIN SUBDISTRICT,KARAKIN
WHEATBELT DISTRICT,LANCELIN SUBDISTRICT,LANCELIN
WHEATBELT DISTRICT,LANCELIN SUBDISTRICT,LEDGE POINT
WHEATBELT DISTRICT,LANCELIN SUBDISTRICT,NEERGABBY
WHEATBELT DISTRICT,LANCELIN SUBDISTRICT,NILGEN
WHEATBELT DISTRICT,LANCELIN SUBDISTRICT,SEABIRD
WHEATBELT DISTRICT,LANCELIN SUBDISTRICT,WANERIE
WHEATBELT DISTRICT,LANCELIN SUBDISTRICT,WILBINGA
WHEATBELT DISTRICT,LANCELIN SUBDISTRICT,WOODRIDGE
WHEATBELT DISTRICT,WYALKATCHEM SUBDISTRICT,COWCOWING
WHEATBELT DISTRICT,WYALKATCHEM SUBDISTRICT,KORRELOCKING
WHEATBELT DISTRICT,WYALKATCHEM SUBDISTRICT,NALKAIN
WHEATBELT DISTRICT,WYALKATCHEM SUBDISTRICT,NEMBUDDING
WHEATBELT DISTRICT,WYALKATCHEM SUBDISTRICT,WYALKATCHEM
WHEATBELT DISTRICT,BENCUBBIN SUBDISTRICT,BEACON
WHEATBELT DISTRICT,BENCUBBIN SUBDISTRICT,BENCUBBIN
WHEATBELT DISTRICT,BENCUBBIN SUBDISTRICT,BIMBIJY
WHEATBELT DISTRICT,BENCUBBIN SUBDISTRICT,CLEARY
WHEATBELT DISTRICT,BENCUBBIN SUBDISTRICT,GABBIN
WHEATBELT DISTRICT,BENCUBBIN SUBDISTRICT,KARROUN HILL
WHEATBELT DISTRICT,BENCUBBIN SUBDISTRICT,KUNUNOPPIN
WHEATBELT DISTRICT,BENCUBBIN SUBDISTRICT,MOUROUBRA
WHEATBELT DISTRICT,BENCUBBIN SUBDISTRICT,NORTH KUNUNOPPIN
WHEATBELT DISTRICT,BENCUBBIN SUBDISTRICT,NORTH TRAYNING
WHEATBELT DISTRICT,BENCUBBIN SUBDISTRICT,NORTH YELBENI
WHEATBELT DISTRICT,BENCUBBIN SUBDISTRICT,REMLAP
WHEATBELT DISTRICT,BENCUBBIN SUBDISTRICT,SOUTH KUNUNOPPIN
WHEATBELT DISTRICT,BENCUBBIN SUBDISTRICT,SOUTH TRAYNING
WHEATBELT DISTRICT,BENCUBBIN SUBDISTRICT,SOUTH YELBENI
WHEATBELT DISTRICT,BENCUBBIN SUBDISTRICT,TAMPU
WHEATBELT DISTRICT,BENCUBBIN SUBDISTRICT,TRAYNING
WHEATBELT DISTRICT,BENCUBBIN SUBDISTRICT,WELBUNGIN
WHEATBELT DISTRICT,BENCUBBIN SUBDISTRICT,WIALKI
WHEATBELT DISTRICT,BENCUBBIN SUBDISTRICT,YELBENI
WHEATBELT DISTRICT,MERREDIN SUBDISTRICT,CARRABIN
WHEATBELT DISTRICT,MERREDIN SUBDISTRICT,GOOMARIN
WHEATBELT DISTRICT,MERREDIN SUBDISTRICT,HINES HILL
WHEATBELT DISTRICT,MERREDIN SUBDISTRICT,KORBEL
WHEATBELT DISTRICT,MERREDIN SUBDISTRICT,MERREDIN
WHEATBELT DISTRICT,MERREDIN SUBDISTRICT,MUNTADGIN
WHEATBELT DISTRICT,MERREDIN SUBDISTRICT,NANGEENAN
WHEATBELT DISTRICT,MERREDIN SUBDISTRICT,NOKANING
WHEATBELT DISTRICT,MERREDIN SUBDISTRICT,NORPA
WHEATBELT DISTRICT,MERREDIN SUBDISTRICT,NUKARNI
WHEATBELT DISTRICT,MERREDIN SUBDISTRICT,SOUTH BURRACOPPIN
WHEATBELT DISTRICT,MERREDIN SUBDISTRICT,TANDEGIN
WHEATBELT DISTRICT,MERREDIN SUBDISTRICT,WALGOOLAN
WHEATBELT DISTRICT,MERREDIN SUBDISTRICT,WESTONIA
WHEATBELT DISTRICT,YORK SUBDISTRICT,BALLADONG
WHEATBELT DISTRICT,YORK SUBDISTRICT,BURGES
WHEATBELT DISTRICT,YORK SUBDISTRICT,CALJIE
WHEATBELT DISTRICT,YORK SUBDISTRICT,COLD HARBOUR
WHEATBELT DISTRICT,YORK SUBDISTRICT,DALIAK
WHEATBELT DISTRICT,YORK SUBDISTRICT,FLYNN
WHEATBELT DISTRICT,YORK SUBDISTRICT,GILGERING
WHEATBELT DISTRICT,YORK SUBDISTRICT,GREENHILLS
WHEATBELT DISTRICT,YORK SUBDISTRICT,GWAMBYGINE
WHEATBELT DISTRICT,YORK SUBDISTRICT,INKPEN
WHEATBELT DISTRICT,YORK SUBDISTRICT,KAURING
WHEATBELT DISTRICT,YORK SUBDISTRICT,MALEBELLING
WHEATBELT DISTRICT,YORK SUBDISTRICT,MOUNT HARDEY
WHEATBELT DISTRICT,YORK SUBDISTRICT,MOUNT OBSERVATION
WHEATBELT DISTRICT,YORK SUBDISTRICT,NARRALOGGAN
WHEATBELT DISTRICT,YORK SUBDISTRICT,QUELLINGTON
WHEATBELT DISTRICT,YORK SUBDISTRICT,ST RONANS
WHEATBELT DISTRICT,YORK SUBDISTRICT,TALBOT
WHEATBELT DISTRICT,YORK SUBDISTRICT,WILBERFORCE
WHEATBELT DISTRICT,YORK SUBDISTRICT,YORK
WHEATBELT DISTRICT,BEVERLEY SUBDISTRICT,BEVERLEY
WHEATBELT DISTRICT,BEVERLEY SUBDISTRICT,DALE
WHEATBELT DISTRICT,BEVERLEY SUBDISTRICT,EAST BEVERLEY
WHEATBELT DISTRICT,BEVERLEY SUBDISTRICT,FLINT
WHEATBELT DISTRICT,BEVERLEY SUBDISTRICT,KOKEBY
WHEATBELT DISTRICT,BEVERLEY SUBDISTRICT,MORBINNING
WHEATBELT DISTRICT,BEVERLEY SUBDISTRICT,TALBOT WEST
WHEATBELT DISTRICT,BEVERLEY SUBDISTRICT,WESTDALE
WHEATBELT DISTRICT,MOORA SUBDISTRICT,BARBERTON
WHEATBELT DISTRICT,MOORA SUBDISTRICT,BERKSHIRE VALLEY
WHEATBELT DISTRICT,MOORA SUBDISTRICT,BINDI BINDI
WHEATBELT DISTRICT,MOORA SUBDISTRICT,BOOTHENDARRA
WHEATBELT DISTRICT,MOORA SUBDISTRICT,COOMBERDALE
WHEATBELT DISTRICT,MOORA SUBDISTRICT,DANDARAGAN
WHEATBELT DISTRICT,MOORA SUBDISTRICT,GABALONG
WHEATBELT DISTRICT,MOORA SUBDISTRICT,GILLINGARRA
WHEATBELT DISTRICT,MOORA SUBDISTRICT,KOOJAN
WHEATBELT DISTRICT,MOORA SUBDISTRICT,MILING
WHEATBELT DISTRICT,MOORA SUBDISTRICT,MOORA
WHEATBELT DISTRICT,MOORA SUBDISTRICT,NAMBAN
WHEATBELT DISTRICT,MOORA SUBDISTRICT,REGANS FORD
WHEATBELT DISTRICT,MOORA SUBDISTRICT,WADDINGTON
WHEATBELT DISTRICT,MOORA SUBDISTRICT,WALEBING
WHEATBELT DISTRICT,MOORA SUBDISTRICT,WATHEROO
WHEATBELT DISTRICT,MOORA SUBDISTRICT,YATHROO
WHEATBELT DISTRICT,BRUCEROCK SUBDISTRICT,BABAKIN
WHEATBELT DISTRICT,BRUCEROCK SUBDISTRICT,BRUCE ROCK
WHEATBELT DISTRICT,BRUCEROCK SUBDISTRICT,KWOLYIN
WHEATBELT DISTRICT,BRUCEROCK SUBDISTRICT,SHACKLETON
